1,96,11,12,23,17,14,24,40,65,30,58,79,77,33,58,65,32,33,41,55,63,52,39,24,38,18,16,8,17,14,17,19,105,48,15,26,19,14,15,22,58,42,72,105,86,62,96,44,68,50,31,64,79,44,41,18,36,13,9,12,23,20,18,37,75,45,11,9,11,10,6,11,68,44,64,97,52,67,90,22,63,22,27,59,38,25,43,50,57,22,9,10,3,8,12,43,57,8,8,21,8,10,3,31,66,62,44,81,31,50,89,52,12,13,14,83,32,31,62,23,11,23,11,14,1,2,7,8,
1,8,7,12,11,9,12,23,18,19,17,31,32,18,12,35,36,20,30,29,14,27,35,34,15,7,6,7,4,7,12,21,9,45,30,42,37,49,29,34,31,81,70,108,108,71,69,108,108,84,104,108,68,91,102,108,85,38,36,44,31,39,35,41,28,17,14,19,13,16,14,13,12,86,80,73,57,78,94,56,64,65,46,85,73,70,48,58,75,17,19,29,18,18,16,19,14,1,0,0,0,1,0,0,1,15,4,7,9,16,11,6,13,8,6,10,10,7,10,10,13,1,2,2,1,1,2,2,2,
1,44,24,22,30,21,18,27,30,32,24,74,49,18,24,58,40,30,48,57,29,64,41,37,17,96,8,6,11,28,13,2,17,57,46,25,39,43,30,33,33,39,38,79,71,32,37,79,43,50,46,70,49,55,43,64,31,104,16,13,15,32,35,4,21,55,30,24,29,27,38,19,20,41,46,69,42,28,65,62,45,38,25,51,74,59,24,44,81,104,26,37,7,13,31,3,19,87,7,18,68,27,22,18,51,67,67,34,104,70,51,60,86,14,31,21,81,58,11,32,46,18,22,57,6,7,5,5,8,
1,8,4,4,14,18,3,4,5,34,22,60,79,56,30,61,44,55,66,52,42,37,44,56,21,33,19,4,3,10,6,3,3,37,55,52,67,58,41,30,8,74,71,107,106,86,82,105,79,94,58,83,55,57,63,77,84,47,10,5,6,21,9,6,24,27,41,63,54,21,37,107,60,49,78,92,55,47,107,107,48,70,55,42,30,25,35,25,65,7,7,2,6,13,1,1,6,5,1,1,3,1,1,4,9,3,5,6,9,3,11,7,2,3,10,4,1,2,5,2,2,1,2,0,1,1,0,0,0,
1,4,8,1,1,2,2,2,1,17,32,34,12,6,11,27,21,18,69,81,17,17,32,45,22,6,21,15,4,4,3,2,2,10,15,12,5,6,19,31,10,67,67,87,38,28,50,104,65,56,92,105,62,73,86,105,70,17,20,22,21,28,15,13,16,46,57,47,25,20,65,64,60,62,91,105,38,56,105,105,65,67,67,98,57,85,76,91,83,6,10,38,13,18,30,32,17,20,12,22,26,10,9,10,33,26,30,30,24,28,30,42,24,23,22,30,17,28,38,32,21,1,3,15,3,3,5,7,5,
1,19,14,14,14,14,14,16,15,75,13,25,24,20,13,36,29,30,21,28,21,30,42,60,23,26,7,4,11,46,11,6,11,27,20,19,21,21,21,22,22,106,36,97,52,35,46,81,70,45,60,106,60,52,71,98,66,36,12,10,21,76,21,14,22,23,13,26,22,18,15,49,13,106,36,77,70,35,82,43,59,62,63,76,81,101,60,58,106,25,22,20,17,74,9,9,17,9,4,14,12,7,4,7,3,70,34,38,31,20,32,25,23,70,76,32,64,106,33,43,52,11,13,16,11,25,6,8,6,
1,32,29,19,14,15,23,27,17,41,41,84,33,21,33,74,40,32,45,69,26,94,45,58,27,10,15,29,3,21,5,19,21,39,40,11,13,31,26,11,11,53,61,73,63,37,31,78,49,70,69,60,56,107,42,62,39,45,18,9,7,31,2,11,27,41,44,8,7,23,107,17,8,39,64,75,33,49,56,59,65,55,39,42,65,94,32,32,26,84,7,1,4,21,3,2,23,61,53,5,33,19,52,15,11,92,77,22,55,107,74,27,68,45,18,5,7,91,14,6,9,82,1,0,1,17,2,0,7,
1,87,26,16,25,91,40,16,31,45,40,61,27,20,28,44,39,31,52,72,24,33,42,49,29,53,35,32,25,61,36,32,39,109,26,11,30,109,44,18,28,56,44,42,36,40,37,48,42,50,67,62,31,37,57,62,43,53,27,26,22,39,24,41,60,80,23,12,57,93,27,19,46,42,49,40,37,56,56,37,30,53,69,76,36,28,31,62,76,39,19,48,12,12,10,39,53,59,15,7,29,49,18,7,38,34,19,9,8,21,74,51,23,37,38,29,16,58,35,51,76,16,70,74,9,35,11,28,17,
1,3,1,4,23,6,2,36,60,19,14,29,71,9,6,43,50,18,30,23,28,23,26,27,25,1,1,0,4,5,2,2,2,47,22,36,89,50,17,27,84,87,59,69,89,74,36,64,75,65,78,57,44,72,71,61,43,4,2,2,9,12,6,3,2,49,46,33,73,60,38,41,67,48,88,46,38,60,54,76,48,46,61,76,78,63,40,54,64,11,5,12,7,6,3,6,13,31,20,37,36,19,17,22,38,22,95,22,21,33,61,54,30,65,103,34,27,85,103,42,54,6,10,8,3,6,10,7,9,
1,5,3,6,15,30,17,8,6,54,32,45,26,31,31,44,60,22,31,53,24,45,63,59,28,34,21,12,10,30,26,15,21,13,7,3,7,29,23,12,11,73,84,87,50,83,79,97,66,41,71,102,56,64,60,102,58,37,14,10,24,45,23,22,57,9,5,8,28,20,10,12,13,53,79,67,74,73,60,54,32,49,52,81,96,53,29,62,98,49,50,15,34,38,29,27,39,14,14,28,47,29,17,23,27,21,12,19,31,40,25,49,44,38,28,28,46,44,19,37,68,46,75,34,37,37,38,38,35,
1,7,10,5,5,11,5,11,7,25,19,53,67,61,15,44,31,38,71,80,29,23,36,73,25,39,31,7,5,11,8,7,5,8,24,73,17,22,9,7,5,57,61,67,56,98,51,45,30,66,74,61,47,59,51,60,52,70,76,31,27,55,25,23,30,6,29,50,15,11,15,3,1,98,92,35,27,40,81,19,16,97,65,47,46,96,57,32,78,89,63,41,40,103,35,23,45,5,11,3,2,7,10,2,1,99,29,4,15,31,18,5,13,71,34,28,64,91,24,13,33,32,45,23,19,41,11,13,14,
1,17,9,15,21,72,28,8,8,34,33,52,27,28,25,47,29,67,49,48,18,35,32,30,39,31,10,6,6,13,7,3,10,28,9,15,54,53,51,12,12,51,37,71,52,54,62,57,47,83,73,77,19,36,42,46,75,13,9,13,2,4,2,3,8,55,31,38,99,20,13,2,7,82,60,28,45,43,84,42,43,89,106,71,24,106,106,39,75,8,56,72,6,14,15,5,2,22,17,3,4,6,7,4,3,103,60,3,32,61,24,18,27,94,80,11,18,106,87,28,17,18,21,19,8,45,32,11,4,
1,43,21,22,18,49,16,18,41,33,30,55,29,31,35,75,33,10,11,22,10,105,41,21,7,0,0,0,0,3,0,0,0,65,48,35,38,76,51,33,42,61,70,110,67,45,59,107,58,23,43,81,36,110,69,65,32,0,0,0,0,5,0,0,0,53,87,19,18,73,77,26,26,60,102,53,21,50,110,59,31,19,26,41,18,110,25,37,24,0,0,0,0,8,0,0,0,19,62,21,14,15,25,5,5,79,105,12,36,68,80,17,21,26,9,5,7,110,16,4,7,0,0,0,0,8,0,0,0,
1,50,16,6,19,37,19,3,15,23,21,32,30,32,26,56,42,34,83,42,9,32,56,46,13,27,20,2,6,42,49,2,5,71,78,15,21,67,19,6,16,68,65,60,49,73,35,59,61,69,77,54,23,60,56,64,32,48,23,5,14,81,57,4,12,43,57,7,9,29,33,6,9,75,95,45,40,59,82,33,35,57,72,52,27,86,40,35,80,31,39,81,23,88,31,5,17,11,12,8,20,21,28,2,3,84,60,27,46,27,37,22,17,79,63,28,32,103,26,26,78,6,5,10,9,85,10,7,10,
1,46,23,16,27,34,16,23,29,28,29,62,43,19,27,61,33,63,37,51,28,45,41,56,19,35,9,30,9,34,15,43,13,44,42,32,23,44,49,33,14,36,45,58,57,28,29,65,36,99,35,66,45,70,35,53,33,73,15,44,15,70,13,19,14,93,28,46,40,48,65,28,23,25,55,64,33,38,67,56,51,63,53,88,43,93,33,46,56,50,33,69,16,50,27,26,17,103,26,7,32,20,22,10,12,63,72,28,71,103,55,49,73,20,36,24,23,103,15,23,27,11,19,27,7,9,7,8,8,
1,21,11,15,58,85,16,9,16,36,31,48,34,21,23,50,37,84,71,40,12,25,36,36,18,17,5,1,1,2,2,1,2,24,15,14,35,91,69,12,16,41,46,87,49,34,48,80,45,105,64,96,36,34,55,72,72,22,9,41,53,4,9,8,8,11,9,32,52,38,62,11,11,32,37,71,40,39,64,60,38,48,24,105,84,21,21,73,105,10,41,81,66,8,53,81,54,14,31,52,58,31,43,17,19,27,24,49,33,17,15,40,82,11,11,20,19,5,4,61,105,2,5,7,3,1,12,37,28,
1,32,10,8,17,40,24,35,26,31,27,46,39,38,31,75,51,36,40,37,22,32,55,56,32,36,19,11,13,26,30,34,21,72,24,70,24,78,32,19,26,65,64,106,54,65,74,73,58,64,35,85,54,64,45,54,70,69,25,62,25,70,23,16,26,8,12,45,30,13,8,7,5,57,74,53,42,25,40,49,20,93,106,83,66,106,67,79,90,17,32,50,11,68,24,14,16,6,11,3,4,15,7,1,1,17,28,3,5,17,8,3,1,53,74,28,21,82,28,15,16,24,25,28,14,39,22,19,14,
1,20,7,8,10,37,24,24,16,45,32,62,22,42,35,47,34,19,39,78,24,24,41,66,24,40,24,24,25,40,23,25,27,55,17,12,23,68,17,7,15,50,40,65,46,78,42,53,42,31,64,75,40,34,41,68,36,58,12,11,33,35,15,18,31,47,12,84,40,41,10,8,17,104,25,69,67,52,88,40,54,26,42,77,47,23,52,72,71,63,53,14,31,94,9,14,56,48,12,18,15,20,14,29,13,104,9,18,66,34,47,41,34,51,75,32,69,57,49,72,79,9,30,10,33,92,9,12,16,
1,30,28,13,14,28,14,11,12,38,33,48,19,27,31,37,31,12,18,53,28,32,37,43,22,35,11,12,19,44,22,14,25,29,44,27,18,26,29,99,31,55,53,54,33,59,53,68,49,43,33,64,49,60,46,51,48,44,11,11,32,43,24,27,25,69,57,40,54,59,45,65,51,60,58,53,43,103,102,62,30,48,35,64,65,49,35,59,79,91,24,17,40,66,36,40,85,57,31,31,32,21,19,26,35,20,37,32,18,32,91,49,26,30,19,29,40,34,55,60,97,42,28,22,41,54,26,26,51,
1,36,11,5,18,33,9,4,8,53,37,49,33,40,20,41,41,33,36,58,31,50,45,52,23,53,20,15,11,33,23,33,21,34,19,11,14,32,16,8,8,59,53,52,41,50,38,56,31,50,55,60,56,58,33,61,53,87,28,24,32,75,14,17,58,33,19,10,15,20,12,8,7,72,51,45,44,44,82,49,48,24,44,49,105,78,24,65,108,31,52,72,37,59,12,14,38,40,13,20,37,19,7,6,33,108,37,22,107,79,42,28,108,30,37,17,108,92,13,32,65,4,5,12,20,12,3,10,10,
1,2,1,1,9,10,1,1,1,32,12,27,105,48,8,22,47,20,35,62,30,32,53,58,39,18,23,7,5,17,18,4,3,6,4,9,16,55,6,13,3,105,48,61,64,105,38,55,85,44,71,89,51,88,72,86,65,63,18,10,31,62,22,24,21,15,17,76,24,66,14,32,10,105,59,70,37,105,29,41,31,39,34,80,75,83,23,47,69,93,15,49,35,44,8,37,50,28,27,31,43,35,14,12,23,75,20,31,29,45,12,14,38,23,8,27,79,40,6,17,35,17,14,40,15,11,5,14,22,
1,14,10,9,18,41,11,4,7,42,33,74,52,46,26,42,39,33,41,77,32,36,41,47,27,58,24,13,11,23,13,7,15,18,9,6,17,49,30,9,10,63,43,70,70,80,58,61,62,52,58,73,40,45,50,64,61,48,11,6,10,19,9,11,43,34,23,24,89,28,14,2,5,79,85,41,49,66,105,39,28,65,62,64,44,68,42,40,90,15,44,47,4,13,6,2,15,8,14,18,33,9,8,2,4,92,95,11,36,36,42,18,11,90,96,26,48,105,89,32,49,14,46,40,6,39,19,7,3,
1,18,16,10,10,7,6,7,12,26,18,30,34,22,19,46,47,14,19,22,10,17,41,52,12,5,2,1,1,2,3,11,1,32,21,17,27,26,22,23,20,106,53,106,100,42,56,106,104,80,72,106,58,68,86,106,68,34,13,5,5,14,12,17,12,34,33,20,20,15,15,23,23,106,69,76,76,56,95,78,55,66,37,96,59,80,46,64,88,12,6,30,3,14,4,3,8,5,6,5,5,3,2,3,4,98,28,16,30,26,30,20,24,29,37,24,34,92,31,31,45,1,3,6,4,15,2,1,1,
1,48,39,14,12,20,32,22,22,39,48,88,34,23,40,82,42,61,48,68,27,88,58,28,41,23,16,12,6,28,13,18,26,45,50,15,15,27,20,9,12,63,80,84,49,37,48,81,30,93,53,69,48,88,54,64,44,45,8,3,2,32,9,5,16,25,43,8,4,15,107,42,14,37,92,84,26,63,61,71,45,107,25,39,43,44,16,27,11,57,1,0,0,27,3,0,6,41,73,5,34,14,65,30,15,48,79,21,35,107,100,37,49,70,27,16,3,15,11,6,2,36,13,5,0,14,1,0,1,
1,17,14,12,34,73,17,5,10,36,31,60,43,33,28,46,44,28,39,41,31,64,69,46,37,56,42,14,8,23,71,34,30,23,27,31,39,62,60,12,12,60,68,87,69,56,63,73,60,55,79,86,69,85,62,74,59,60,104,44,14,37,97,55,25,30,12,54,54,16,18,4,7,72,53,50,55,34,85,37,32,51,50,64,45,104,33,45,60,18,62,59,13,15,24,24,11,15,8,2,3,3,6,2,1,64,32,5,35,38,36,16,15,32,37,12,18,65,29,28,25,6,7,13,6,11,12,17,5,
1,55,26,21,16,59,32,15,20,45,52,93,23,23,36,50,47,20,32,105,43,29,46,55,33,41,24,40,34,50,31,28,38,37,37,22,12,26,17,13,11,65,55,64,49,41,46,57,55,46,60,85,49,54,66,69,51,41,26,28,41,49,24,27,37,47,19,49,22,14,13,1,18,92,65,93,42,52,91,71,54,39,51,105,75,42,44,105,101,55,57,15,56,105,21,7,76,18,0,1,1,2,3,0,6,30,12,7,3,20,37,14,12,10,6,14,23,13,7,22,47,5,6,2,32,43,1,2,27,
1,43,11,6,11,10,8,16,37,44,26,67,52,28,36,78,70,25,35,47,33,70,81,42,21,6,2,1,2,13,5,3,3,86,65,16,23,34,27,28,29,61,56,76,98,52,51,87,59,58,57,62,80,103,67,64,41,34,7,5,17,35,12,16,25,49,32,9,12,15,14,4,9,71,71,77,67,33,80,76,44,50,26,50,103,83,43,56,68,55,46,44,43,19,31,51,59,40,1,5,11,5,7,1,7,58,52,27,67,28,45,42,34,16,29,11,56,53,13,31,30,28,33,18,7,8,17,14,10,
1,77,13,15,16,52,11,10,13,42,20,57,42,22,25,47,37,27,56,55,24,47,32,54,19,69,16,13,15,94,10,11,4,98,19,18,18,66,17,12,18,68,39,78,66,41,54,64,57,40,59,73,46,69,52,64,44,80,13,9,16,99,10,7,6,78,13,15,19,53,7,7,11,104,48,50,69,46,69,40,48,32,37,42,104,77,30,36,84,59,17,13,14,66,9,7,6,35,4,9,15,17,2,2,6,104,33,18,103,79,27,24,49,24,26,22,66,42,11,24,30,11,10,13,10,9,4,6,8,
1,39,11,9,27,40,19,23,26,44,22,55,30,19,19,55,44,40,45,50,20,50,61,53,13,26,16,16,9,19,26,35,16,70,22,16,32,84,41,27,21,52,51,73,51,39,40,77,38,69,50,75,51,53,52,72,43,82,20,20,19,60,18,24,24,70,42,29,39,79,51,21,24,43,62,60,25,44,85,48,34,52,27,94,43,62,29,51,83,55,18,69,21,51,18,20,21,54,49,19,55,42,24,19,11,78,74,25,59,49,68,42,41,28,60,40,16,105,27,22,49,17,27,43,8,18,8,5,7,
1,34,13,0,2,5,0,1,2,59,30,51,20,18,19,36,44,28,43,95,44,52,55,65,35,14,12,13,28,40,24,20,17,31,11,1,2,3,0,0,1,85,59,73,46,28,34,69,39,50,80,106,98,81,60,105,52,58,27,26,73,75,26,35,64,9,30,1,1,0,0,0,0,79,45,56,42,23,45,38,18,52,55,70,106,69,61,106,106,47,45,9,92,87,28,41,95,0,10,0,0,0,0,0,0,20,9,10,19,4,8,5,6,21,38,15,74,27,15,31,38,1,4,0,46,16,2,3,3,
1,33,7,3,8,12,8,8,28,38,18,31,18,12,21,61,59,11,17,27,12,56,75,43,12,1,1,1,1,7,3,1,1,88,55,13,18,39,33,15,31,86,75,83,52,47,63,77,59,36,62,83,55,106,80,77,40,2,2,2,5,25,7,2,1,52,31,7,7,19,13,5,10,105,106,48,26,51,82,67,40,36,44,45,70,106,76,54,55,4,3,2,6,15,10,9,3,35,15,4,10,7,5,8,20,106,78,22,47,66,43,46,46,56,72,26,33,106,58,38,48,10,8,12,5,41,17,23,8,
1,30,8,10,20,16,8,8,22,45,20,53,39,16,14,53,66,34,49,48,27,53,65,48,19,19,14,4,9,43,38,20,21,65,39,11,17,16,12,13,23,68,47,71,84,44,32,72,59,51,69,68,53,60,51,65,29,39,39,42,46,61,23,18,25,36,24,8,14,23,26,17,13,75,46,45,45,44,43,29,45,34,31,42,42,47,49,43,65,9,7,14,27,33,34,29,8,27,10,18,56,38,20,83,87,76,48,62,88,69,73,69,103,25,75,39,25,28,46,80,103,11,4,3,11,18,59,85,20,
1,22,9,7,3,2,3,10,11,76,47,94,39,30,38,79,77,40,47,106,55,73,79,93,53,6,9,17,17,40,20,22,9,23,20,3,1,2,2,5,4,86,108,108,73,47,52,108,68,56,75,108,108,88,62,108,85,4,5,8,33,41,6,8,4,3,2,0,0,1,0,0,0,32,94,93,22,8,36,81,24,8,29,108,98,29,23,89,41,1,1,1,8,6,1,1,1,0,0,0,0,0,0,0,0,0,3,5,1,0,0,0,0,0,1,6,3,0,0,0,0,0,0,0,0,0,0,0,0,
1,37,10,7,11,10,5,10,33,45,35,67,41,21,26,62,66,19,38,51,24,49,63,45,15,4,4,1,5,21,16,5,3,93,43,13,26,32,17,24,33,76,77,97,84,52,53,103,67,55,80,74,65,86,76,90,39,16,12,8,29,63,25,16,11,68,31,10,14,17,21,11,21,77,61,80,42,37,80,66,54,38,39,62,79,103,34,52,68,7,8,7,25,27,6,4,4,38,12,19,7,3,12,11,14,52,60,60,32,14,71,40,41,12,15,10,61,103,18,32,51,2,3,3,4,10,9,6,2,
1,24,8,4,7,15,14,11,12,29,16,27,34,15,15,54,59,12,27,27,10,23,59,51,13,1,1,1,1,18,9,2,1,78,22,12,22,43,24,16,16,103,64,87,99,80,46,89,85,57,95,82,45,66,83,100,49,12,8,4,7,50,42,36,6,73,28,18,24,37,27,26,18,79,66,57,50,73,75,55,50,50,54,58,34,28,31,51,73,6,3,1,2,61,19,6,4,14,21,19,13,10,13,20,9,58,90,13,31,50,50,28,29,87,103,20,26,103,62,22,32,4,23,12,3,41,11,2,1,
1,38,21,12,15,20,24,16,20,29,33,55,27,12,21,44,31,32,52,63,30,58,39,52,36,15,15,10,12,44,23,26,19,63,39,19,24,35,36,21,31,48,50,94,56,42,52,77,59,71,98,106,57,106,82,93,92,31,42,33,30,66,23,20,27,54,71,13,28,30,62,23,34,65,102,32,17,45,106,48,31,59,50,63,89,106,44,59,92,33,20,15,26,32,18,31,36,11,26,6,7,7,11,5,2,21,55,9,15,12,44,26,8,14,18,13,24,39,33,38,29,8,15,14,9,6,8,8,4,
1,51,29,14,19,34,32,24,20,45,34,64,22,24,34,42,40,22,19,60,39,49,43,39,32,17,5,5,20,37,12,10,17,50,39,23,31,51,40,26,22,71,56,61,40,37,51,49,36,38,36,59,66,73,38,48,46,29,10,10,25,30,9,9,22,67,27,28,40,29,26,14,16,114,70,42,38,54,114,48,34,44,50,40,65,114,40,48,114,35,28,15,13,46,12,7,16,26,14,4,5,3,4,3,4,114,81,8,51,105,31,14,22,76,102,17,41,114,31,24,41,21,17,22,14,44,13,28,14,
1,51,25,8,14,30,20,18,31,56,35,53,29,35,25,43,43,18,34,63,28,38,44,47,20,42,18,10,24,33,20,11,19,74,53,39,46,56,47,42,53,54,53,71,51,44,44,63,49,31,48,70,46,40,42,63,33,51,11,9,39,59,12,11,31,71,47,47,60,63,51,45,52,101,47,67,59,79,69,46,62,23,27,54,65,39,31,54,102,47,36,8,38,82,15,5,36,32,18,23,37,25,14,11,22,103,25,21,72,56,36,22,78,16,24,7,103,48,11,33,62,4,10,6,32,19,4,6,7,
1,11,2,2,3,3,2,4,12,41,24,50,29,11,18,73,83,11,28,48,20,46,81,71,20,2,2,1,2,11,9,4,3,40,19,12,12,11,13,30,19,100,58,107,85,47,67,107,98,46,82,107,63,107,94,107,77,10,8,4,14,37,14,7,10,34,43,45,24,18,32,81,36,87,81,82,39,50,107,84,54,26,24,72,55,95,53,59,90,4,3,2,6,15,7,5,3,8,7,11,7,6,7,13,8,21,6,4,6,7,25,11,11,4,2,2,3,22,13,10,22,1,1,0,0,3,2,2,0,
1,11,7,2,6,16,5,6,7,78,28,43,25,33,18,27,49,23,35,77,39,33,41,52,32,24,25,33,42,53,36,29,25,54,70,37,29,47,99,33,43,103,66,67,58,71,64,64,58,38,51,92,62,48,52,68,52,28,14,25,66,61,25,20,41,47,65,31,22,46,65,17,20,89,71,45,53,86,60,40,52,40,38,60,103,33,39,74,103,26,8,24,84,40,49,20,72,5,4,1,1,5,5,1,1,31,16,11,29,23,15,12,31,23,24,13,71,14,15,24,34,13,7,14,29,4,10,11,24,
1,29,28,23,24,36,19,28,33,45,21,23,19,26,17,37,34,15,27,26,14,27,26,35,12,5,10,32,7,9,14,17,7,59,45,20,27,61,56,29,62,108,63,60,31,81,63,61,50,48,37,76,62,77,50,62,49,20,12,34,21,25,17,18,17,48,50,21,32,43,49,3,13,108,71,52,52,84,92,38,50,45,51,62,71,108,48,59,78,23,31,43,20,11,26,45,12,8,9,9,12,13,8,2,3,108,69,16,38,75,29,10,21,84,72,34,45,108,40,24,43,27,22,17,19,21,13,10,18,
1,45,1,1,7,42,1,1,10,53,14,27,27,33,18,49,46,31,21,25,20,47,39,36,18,69,21,7,23,61,26,11,21,74,7,1,12,60,3,3,13,95,56,62,74,60,39,64,59,55,49,60,67,74,53,55,51,100,55,41,66,103,54,49,70,61,3,2,11,48,1,0,9,103,53,25,46,89,36,33,47,57,47,34,91,89,40,42,103,80,69,59,75,95,52,45,67,13,1,1,3,9,0,0,2,48,15,5,14,31,15,12,17,15,15,4,28,29,12,11,18,4,8,9,7,6,3,3,4,
2,47,30,32,25,31,26,33,33,34,44,93,55,23,31,74,47,27,46,61,37,72,49,57,29,4,4,4,7,18,12,8,4,67,39,41,44,51,55,42,37,51,58,104,86,43,55,97,68,49,80,88,53,85,68,71,51,4,3,6,12,24,13,7,4,28,104,33,31,41,104,25,14,32,70,79,33,25,70,66,38,20,24,51,40,43,25,43,41,2,2,4,10,14,9,5,2,19,68,24,15,21,48,23,13,54,104,22,45,47,84,43,33,28,40,14,16,50,36,11,19,2,1,2,3,7,8,6,3,
2,53,24,8,14,85,26,9,16,35,30,45,55,29,26,38,42,72,45,47,45,69,47,43,42,65,24,26,7,20,14,45,15,25,27,16,10,56,35,13,10,47,44,60,70,44,52,63,56,91,54,50,75,80,42,52,62,82,57,20,15,34,13,8,19,10,32,51,25,22,8,1,1,104,48,79,72,33,75,42,30,27,37,54,87,74,29,80,93,23,76,46,23,56,6,7,20,5,1,4,8,10,1,1,1,104,23,24,59,68,22,19,52,37,33,27,49,82,14,38,76,5,2,2,17,38,3,5,6,
2,62,28,22,20,27,17,18,25,53,42,91,52,26,29,56,47,47,76,106,41,94,63,76,45,23,18,15,18,64,26,14,16,94,45,21,22,39,26,21,19,89,66,106,88,56,63,106,78,74,106,106,69,106,94,106,84,23,16,13,28,84,24,14,15,29,17,5,6,11,6,23,12,41,42,46,26,20,23,41,28,46,38,53,44,68,43,41,44,16,7,3,10,35,23,11,9,0,0,0,0,0,0,0,0,0,0,0,0,0,0,0,0,1,0,0,0,1,0,0,1,0,0,0,0,1,0,0,0,
2,38,21,13,12,19,7,11,33,48,41,43,32,20,21,38,60,16,39,47,21,61,75,55,20,35,39,26,16,53,41,31,32,45,44,19,13,23,18,11,14,84,93,78,52,51,45,60,67,37,61,71,35,53,57,66,38,65,32,46,36,109,42,36,43,14,23,8,7,10,7,3,6,61,76,57,32,21,27,37,37,55,39,71,65,49,22,36,58,109,45,19,44,109,36,15,29,7,2,3,19,9,2,14,20,99,13,26,70,26,30,40,69,24,51,33,84,68,21,46,87,31,25,12,30,45,8,8,18,
2,70,29,21,30,46,19,17,30,19,28,65,43,10,13,42,33,11,35,77,35,19,30,55,19,50,35,35,28,69,40,37,23,88,34,33,52,40,38,33,39,46,30,87,94,22,32,83,79,22,71,104,39,41,66,84,43,48,43,39,22,39,45,46,34,64,52,18,23,16,18,11,15,45,48,91,51,19,62,82,45,20,47,104,62,32,55,104,78,70,23,22,27,29,17,14,27,53,38,21,8,12,24,15,21,37,31,35,13,13,44,21,14,8,12,54,33,11,9,29,41,55,29,9,20,64,21,9,58,
2,40,17,9,24,81,18,5,16,40,36,57,37,19,19,35,34,87,49,43,25,71,54,29,24,28,9,2,3,8,5,1,4,21,15,5,6,49,46,10,7,58,50,54,45,53,54,57,40,87,52,50,44,51,37,40,47,27,11,3,5,8,5,2,6,33,14,30,51,34,21,8,6,102,60,66,84,63,81,53,37,48,74,48,82,99,24,53,105,22,62,56,16,23,5,2,9,33,13,19,50,39,14,6,7,108,62,31,53,108,62,23,32,72,52,19,79,108,15,19,46,19,19,14,18,12,3,4,9,
2,23,10,10,19,22,4,4,16,50,38,52,33,19,20,65,67,30,44,33,19,61,86,38,17,6,6,6,5,7,4,2,3,32,19,12,12,25,18,12,10,103,85,86,63,45,46,79,70,59,88,68,63,108,81,65,57,7,8,8,8,20,7,3,4,31,13,16,24,9,11,3,7,102,72,47,42,19,82,38,42,42,65,63,61,108,45,33,74,6,23,26,10,14,7,3,3,31,10,11,15,5,5,3,4,108,46,35,72,43,58,55,42,55,64,42,32,108,67,38,63,13,22,14,5,20,12,8,5,
2,59,24,7,31,65,26,16,21,42,35,34,22,16,24,37,34,73,41,21,15,65,55,22,16,5,2,0,1,7,3,1,2,38,28,14,19,40,56,25,12,56,62,60,44,33,44,53,45,37,55,49,39,57,28,33,40,5,19,27,4,13,3,1,2,66,33,55,74,34,37,11,7,111,89,75,70,44,74,80,52,32,60,62,77,111,13,41,95,5,39,76,7,14,4,2,3,36,18,10,35,41,15,11,14,111,77,36,83,111,29,38,64,60,51,23,47,111,20,17,32,6,3,4,5,7,3,3,4,
2,50,33,32,25,47,29,28,30,52,36,43,28,21,23,46,48,43,43,47,30,78,70,45,21,26,26,18,15,32,30,17,11,82,41,54,29,70,41,45,42,74,72,97,68,41,72,84,63,53,71,103,73,91,72,85,60,30,17,22,30,38,23,19,20,41,43,17,17,19,30,9,11,75,104,53,43,29,104,61,25,56,46,63,66,80,74,49,44,7,10,8,8,8,7,6,4,6,11,3,3,5,9,4,2,46,61,7,32,18,35,19,9,61,31,12,25,60,72,21,15,10,7,2,2,7,8,4,1,
2,59,22,12,14,8,5,11,42,37,33,68,41,12,17,45,50,14,33,61,37,59,68,39,14,7,9,4,9,37,22,9,4,78,40,25,29,26,32,37,50,68,55,105,98,41,53,95,92,46,81,98,58,95,93,81,55,17,12,7,17,50,26,15,15,49,40,20,18,19,26,10,16,41,71,105,68,31,49,105,49,33,46,105,74,47,42,97,44,11,5,7,18,22,8,5,9,24,53,4,7,15,49,6,11,18,58,37,14,15,82,20,8,24,21,33,31,29,18,11,31,4,6,4,3,4,3,1,5,
2,28,5,2,11,40,8,9,18,62,21,36,42,48,20,45,56,47,32,39,30,74,52,38,18,38,12,1,3,19,19,4,5,17,7,3,5,25,23,19,11,56,50,76,67,62,61,72,53,70,46,73,77,73,49,65,50,43,8,2,6,16,15,11,17,4,8,70,24,6,9,11,8,43,40,105,69,55,73,49,51,36,46,50,105,47,25,59,90,21,68,45,23,12,9,17,15,31,12,48,46,28,13,21,36,105,37,49,105,69,31,38,105,31,35,27,105,51,28,51,52,11,27,36,19,16,18,27,19,
2,60,16,9,33,88,16,8,17,39,34,48,23,10,11,29,23,21,50,48,18,45,22,31,15,81,40,10,10,68,17,8,20,60,27,21,40,58,43,28,19,54,47,63,53,27,36,64,47,42,80,59,25,49,57,66,36,66,52,29,28,65,35,22,28,67,55,23,48,55,71,17,21,29,73,77,22,25,63,69,23,44,56,76,26,25,38,64,63,40,58,26,16,72,89,25,30,28,67,7,15,16,26,3,2,35,82,31,26,8,90,47,9,58,87,57,29,64,45,38,49,25,78,27,4,42,46,10,10,
2,41,25,53,37,30,30,75,56,81,33,51,60,49,43,81,87,12,17,33,51,67,61,43,16,2,2,1,2,6,3,1,1,76,45,53,31,25,25,26,21,108,105,108,108,100,106,107,93,45,53,75,105,108,65,74,59,4,3,2,5,11,4,4,4,24,16,7,7,7,5,9,18,108,86,52,48,65,94,35,32,25,15,27,47,56,33,26,24,4,3,3,2,6,4,6,2,1,1,0,1,1,0,2,5,9,7,0,1,4,10,1,1,1,0,0,0,2,2,1,1,0,0,0,0,0,0,0,0,
2,58,17,5,26,39,12,7,9,46,18,44,67,51,14,36,45,57,76,43,12,54,44,30,12,35,27,12,6,22,18,14,7,59,12,9,10,65,39,10,12,64,44,49,40,93,52,47,32,102,37,42,42,58,31,43,49,46,17,8,5,16,13,10,16,43,8,77,70,33,11,6,14,107,39,71,93,56,93,55,46,50,93,68,44,99,34,55,96,21,69,63,6,26,10,8,10,28,4,22,17,8,3,3,3,107,32,17,55,88,20,24,23,63,42,18,42,107,18,25,30,18,31,32,5,14,3,9,7,
2,62,28,22,20,27,17,18,25,53,42,91,52,26,29,56,47,47,76,106,41,94,63,76,45,23,18,15,18,64,26,14,16,94,45,21,22,39,26,21,19,89,66,106,88,56,63,106,78,74,106,106,69,106,94,106,84,23,16,13,28,84,24,14,15,29,17,5,6,11,6,23,12,41,42,46,26,20,23,41,28,46,38,53,44,68,43,41,44,16,7,3,10,35,23,11,9,0,0,0,0,0,0,0,0,0,0,0,0,0,0,0,0,1,0,0,0,1,0,0,1,0,0,0,0,1,0,0,0,
2,20,7,4,8,5,2,4,19,40,24,44,48,21,23,65,79,49,32,52,54,63,77,67,33,24,7,5,16,41,10,2,6,40,26,9,12,15,11,13,19,98,69,72,82,59,50,80,82,64,77,82,89,104,92,78,65,17,13,9,15,38,19,4,6,21,18,5,4,4,4,3,5,104,75,34,33,29,58,30,26,33,26,42,69,103,54,40,73,11,6,4,11,39,14,6,15,4,2,2,3,2,1,1,3,104,42,26,36,27,37,28,22,62,24,58,60,99,47,41,87,11,5,6,9,55,14,6,13,
2,4,1,1,6,15,12,19,7,64,32,40,30,22,22,61,71,25,44,44,27,42,80,67,25,12,4,3,11,31,43,22,5,19,3,4,10,30,14,19,19,71,96,107,58,58,80,98,80,68,107,107,67,97,107,107,66,33,11,8,17,42,39,27,16,34,26,54,43,25,35,41,11,63,96,64,57,41,107,76,31,43,60,69,54,36,41,72,85,5,6,12,6,19,24,10,5,13,11,18,11,3,3,4,2,31,32,24,45,9,28,28,12,17,30,12,15,20,11,21,17,0,2,6,3,3,10,8,0,
2,34,24,17,12,9,8,13,25,29,36,66,47,19,17,43,41,44,74,80,39,22,28,49,35,29,43,62,59,39,34,44,30,51,34,27,15,13,18,27,35,49,50,82,51,33,62,102,65,73,63,73,61,52,52,87,78,63,74,57,41,57,87,65,43,42,28,16,12,15,16,17,26,48,54,49,27,23,29,39,38,34,44,71,66,55,41,62,53,53,86,68,33,25,55,66,45,27,20,14,13,16,17,15,17,33,35,26,18,18,18,19,23,18,30,55,35,24,27,49,35,27,49,77,25,18,36,60,34,
2,89,2,4,17,16,2,2,10,75,16,37,71,29,9,32,54,32,51,46,25,33,54,36,12,26,12,11,10,47,8,8,11,108,7,6,18,52,29,22,17,108,47,43,55,71,48,49,56,78,47,44,64,87,55,47,41,44,15,21,15,59,14,21,17,108,8,23,27,39,18,11,18,88,34,52,45,53,69,44,28,57,36,47,62,64,32,56,60,40,21,19,12,41,14,17,22,68,6,27,33,10,9,18,23,108,27,45,101,57,33,29,48,35,52,30,59,107,22,41,60,18,41,42,16,35,8,5,9,
2,58,17,5,26,39,12,7,9,46,18,44,67,51,14,36,45,57,76,43,12,54,44,30,12,35,27,12,6,22,18,14,7,59,12,9,10,65,39,10,12,64,44,49,40,93,52,47,32,102,37,42,42,58,31,43,49,46,17,8,5,16,13,10,16,43,8,77,70,33,11,6,14,107,39,71,93,56,93,55,46,50,93,68,44,99,34,55,96,21,69,63,6,26,10,8,10,28,4,22,17,8,3,3,3,107,32,17,55,88,20,24,23,63,42,18,42,107,18,25,30,18,31,32,5,14,3,9,7,
2,62,17,4,14,102,15,9,12,87,33,38,29,24,11,19,27,19,32,70,42,14,15,39,24,9,15,61,47,22,18,32,18,64,23,9,13,87,55,27,23,96,53,54,64,54,64,84,75,45,31,72,70,41,46,90,92,34,35,48,45,66,49,50,46,15,7,5,8,24,22,18,8,50,34,16,34,38,23,18,27,37,37,100,91,48,60,51,52,23,47,84,50,30,36,56,25,2,1,2,2,9,13,12,4,19,29,19,17,44,50,10,14,19,37,84,41,24,33,92,36,5,10,76,47,16,25,99,21,
2,65,25,17,27,61,26,23,34,52,40,64,44,21,25,50,38,84,60,53,26,84,45,42,35,48,14,22,22,40,14,9,10,74,41,32,35,63,56,35,28,65,55,88,72,48,47,90,69,69,85,95,46,76,67,75,48,19,17,83,22,30,12,11,19,78,24,21,40,56,43,15,12,59,46,53,40,36,62,52,43,43,50,56,59,103,45,41,74,18,20,42,32,26,11,7,60,54,13,16,23,14,15,3,5,35,24,30,26,9,50,25,22,16,28,23,15,79,23,12,46,8,21,28,13,18,10,6,12,
2,20,19,22,32,27,14,9,12,65,27,62,45,31,37,41,55,17,30,51,32,60,45,34,17,33,26,10,10,21,11,5,9,42,15,18,24,49,50,41,28,98,56,98,59,69,90,67,52,42,44,82,65,82,58,68,48,50,21,16,18,29,19,16,29,56,26,51,64,62,25,25,51,74,46,55,53,85,88,41,42,56,44,46,54,67,56,41,64,38,37,31,12,31,31,35,29,48,29,34,51,43,20,18,45,44,65,50,48,47,56,43,48,40,15,14,89,41,24,24,52,24,18,31,24,13,20,23,15,
2,48,10,5,23,100,22,7,16,61,23,35,36,47,28,26,41,83,26,34,34,84,39,19,25,83,12,1,4,21,5,1,11,22,12,4,14,60,34,7,9,45,39,46,55,68,53,41,40,106,26,41,65,81,41,34,81,58,2,1,5,8,2,2,30,18,55,22,106,47,26,5,5,27,106,57,52,43,106,39,15,86,76,96,50,72,45,25,82,11,53,63,0,1,1,1,10,5,21,20,50,5,23,14,6,16,106,15,25,18,46,16,10,30,83,35,29,79,70,15,17,22,70,49,0,8,11,3,3,
2,63,26,40,25,106,42,33,30,44,34,47,25,36,26,43,45,32,42,43,21,62,47,38,38,29,23,36,22,29,19,38,22,61,33,42,20,106,61,29,29,78,56,70,31,61,74,47,50,56,51,58,32,61,44,43,53,65,38,50,35,95,44,47,56,55,33,67,32,106,49,60,41,72,47,69,55,78,82,63,56,44,27,40,55,50,22,21,95,42,47,57,61,67,26,44,50,8,4,36,13,15,8,32,12,14,9,20,19,13,11,20,11,11,4,4,17,14,5,4,20,3,4,5,9,8,1,1,1,
2,52,10,18,49,78,38,17,21,67,32,62,24,20,27,44,42,23,40,71,24,65,58,52,30,53,36,18,15,39,21,15,36,62,20,25,51,90,50,20,23,87,67,74,47,44,55,74,42,46,66,83,70,84,50,85,63,67,42,30,38,53,20,37,73,52,16,29,50,85,26,11,29,66,61,47,26,33,60,62,27,41,39,52,62,66,25,66,100,47,53,29,17,52,18,20,42,17,9,17,16,13,6,1,1,53,54,9,5,12,43,31,15,22,14,10,50,51,19,32,39,15,34,17,21,35,6,3,8,
2,104,21,13,104,53,10,14,87,55,40,69,92,41,29,67,68,37,79,77,32,50,75,76,31,14,45,30,29,66,55,20,13,81,30,23,104,62,11,35,88,60,67,81,41,44,44,63,54,45,64,88,56,64,55,74,47,7,7,9,48,62,10,6,6,59,39,22,35,104,39,31,31,41,63,62,18,34,40,50,25,19,31,74,94,37,20,49,25,19,6,5,41,31,7,9,28,6,8,10,4,13,7,0,0,4,7,6,2,5,5,1,1,2,2,7,12,3,1,1,2,4,0,0,5,3,0,1,8,
2,44,23,10,12,33,20,20,19,41,36,50,34,22,26,47,43,35,20,24,32,57,42,25,19,3,1,1,1,2,2,2,2,34,36,27,49,41,93,66,13,52,76,69,52,46,51,64,44,38,31,46,56,59,33,37,29,4,4,4,2,2,3,3,2,83,50,54,95,49,62,20,28,71,96,83,60,54,107,90,54,26,49,58,45,107,27,41,61,8,28,35,6,4,3,5,4,43,35,16,32,42,11,12,28,107,87,40,68,107,37,31,48,60,33,16,26,107,15,13,30,13,6,5,6,5,2,2,5,
2,23,4,2,4,9,7,4,9,79,33,39,30,22,22,52,53,24,25,37,37,85,51,49,22,13,3,1,7,27,8,4,6,29,12,4,4,8,9,6,7,99,82,76,48,48,65,66,50,33,49,74,74,94,49,66,48,6,1,3,14,30,6,5,8,14,18,21,28,10,11,11,13,112,112,58,46,60,112,63,27,71,97,60,45,112,83,56,82,4,15,11,4,26,13,4,3,6,13,6,3,5,11,5,2,58,76,4,15,52,25,11,5,103,98,4,15,112,44,12,16,7,6,4,3,38,12,4,4,
2,20,7,6,42,51,7,6,11,31,28,43,30,15,14,31,32,35,39,28,23,44,28,27,17,11,8,5,4,5,4,9,5,49,23,20,45,104,71,28,21,75,69,104,75,48,67,102,83,104,89,103,67,101,79,96,97,37,35,24,22,26,19,39,25,53,17,49,89,51,51,20,9,60,53,67,45,41,55,42,33,75,81,86,51,104,28,32,95,30,46,41,22,40,9,18,26,7,2,9,9,2,5,0,0,8,3,1,2,6,8,2,3,10,21,15,5,21,2,1,7,5,10,12,4,3,0,2,4,
2,10,4,20,11,11,3,14,10,32,21,38,41,15,13,47,57,29,31,31,17,40,46,36,11,5,3,0,0,3,2,6,2,59,9,27,9,57,18,34,18,72,56,73,72,51,47,67,65,93,82,71,58,96,71,67,48,22,10,3,5,14,9,12,8,49,7,17,22,36,13,9,11,64,38,57,64,39,63,54,33,63,43,60,73,66,27,59,83,55,26,31,44,47,17,16,35,23,22,32,28,37,16,8,6,107,42,42,98,68,37,42,44,75,51,46,76,107,24,52,78,51,32,24,50,48,15,21,37,
2,37,15,5,5,4,4,5,16,49,34,48,40,16,18,43,46,23,36,61,43,62,54,53,34,21,14,11,11,30,19,11,28,38,23,8,6,6,10,8,8,91,73,98,104,43,60,83,83,65,72,104,91,74,75,83,92,63,33,30,25,48,23,17,59,15,8,5,3,3,2,5,10,87,63,61,56,30,69,57,54,54,39,68,104,57,42,66,86,51,37,18,37,27,13,9,37,10,2,3,6,4,2,5,16,56,16,19,80,41,25,31,79,12,25,13,46,26,21,44,32,4,4,5,7,5,3,7,7,
2,19,4,1,2,2,1,1,19,38,18,23,23,9,15,54,92,10,28,26,16,52,99,55,13,1,2,2,3,13,12,3,1,51,19,5,5,4,7,7,18,96,65,83,73,30,42,93,84,28,67,86,55,97,84,82,40,4,6,7,14,51,23,7,6,40,23,7,6,5,4,10,20,84,76,81,54,26,42,78,84,18,20,101,89,91,71,65,67,2,2,7,17,34,7,7,7,22,8,6,41,12,4,19,70,75,43,65,104,25,26,46,95,8,13,63,71,23,21,22,21,4,4,12,14,8,9,15,11,
2,16,4,7,38,63,13,19,15,47,16,24,47,63,14,33,47,41,35,33,23,54,53,42,19,23,17,27,29,18,12,22,18,18,15,17,32,77,37,15,9,48,38,56,47,82,54,60,32,39,39,63,49,66,33,57,35,17,23,28,19,25,19,24,12,66,35,84,91,31,20,6,16,93,38,58,85,57,104,52,54,13,43,51,48,112,28,48,77,11,41,40,5,8,12,21,13,75,12,21,20,10,5,3,6,112,59,25,105,109,41,31,52,49,43,15,53,112,16,25,45,10,21,22,4,7,5,7,7,
2,49,18,12,6,6,11,19,27,59,55,56,29,13,34,56,40,30,49,30,22,110,96,28,17,3,1,2,2,7,5,22,17,74,55,27,19,22,38,39,34,63,76,89,56,37,58,83,61,84,96,75,61,110,87,80,99,37,32,44,27,27,32,59,100,33,68,24,13,10,49,13,9,81,59,75,33,14,35,36,42,60,35,63,57,105,51,62,74,24,28,63,76,31,26,19,28,2,6,7,4,1,7,3,1,25,5,6,6,1,1,0,3,14,4,12,26,11,7,2,3,9,4,7,11,12,5,1,1,
2,45,22,41,93,55,21,19,48,28,25,73,48,19,20,101,65,62,79,48,22,53,53,57,18,39,25,6,7,10,4,2,5,72,57,20,36,88,78,22,33,73,71,66,48,32,38,67,59,78,50,55,54,104,61,54,51,42,12,6,14,15,5,5,15,71,39,67,32,81,80,48,30,72,73,63,31,54,43,51,35,83,70,66,71,104,67,60,72,25,23,10,10,25,18,14,23,14,7,24,13,9,6,4,5,10,6,10,6,10,4,3,7,16,12,14,8,19,14,12,14,4,5,3,2,3,4,5,5,
2,19,15,4,4,10,8,7,12,67,92,83,25,18,35,57,57,39,73,70,34,107,91,57,26,3,3,1,5,27,14,5,1,17,21,7,9,21,20,9,9,96,107,93,57,45,60,80,64,75,107,102,76,107,81,84,58,1,1,1,7,27,9,4,1,8,16,6,16,13,21,9,7,46,80,48,30,34,37,61,44,26,50,57,48,58,27,44,34,0,0,1,5,9,4,1,0,6,15,8,5,7,12,5,3,56,76,9,26,48,57,20,19,77,85,7,14,77,94,8,9,2,3,2,5,6,4,1,0,
2,11,7,8,10,25,16,9,5,57,32,36,43,60,26,33,42,28,43,53,25,64,48,51,30,36,26,9,8,32,19,14,18,45,43,39,18,67,43,39,26,68,72,80,32,103,74,66,50,39,60,72,34,54,53,63,48,22,13,24,21,45,23,16,23,8,6,36,45,13,11,16,8,43,93,63,86,66,63,59,17,49,104,85,47,49,72,104,57,18,26,16,12,60,45,12,23,2,4,40,46,4,3,1,1,25,55,14,25,6,17,18,6,83,104,29,49,85,72,50,34,25,42,11,3,44,57,8,12,
2,12,3,3,2,3,3,9,8,58,23,32,27,14,16,52,79,24,44,43,20,69,87,60,18,10,9,4,4,24,19,14,5,31,22,29,29,38,32,40,13,105,65,56,66,43,45,55,60,57,68,70,62,105,63,65,50,59,53,50,31,67,39,81,53,22,14,18,46,26,9,36,38,105,78,55,65,47,79,56,54,45,65,50,67,105,56,58,96,44,67,40,27,48,41,31,29,9,4,6,17,8,3,6,17,64,31,7,35,31,25,23,25,25,49,8,36,56,23,27,25,9,11,8,9,11,6,5,6,
2,55,18,7,28,104,45,8,12,44,41,53,24,11,16,36,25,11,27,52,39,46,24,32,16,90,13,9,13,62,12,12,30,25,19,6,12,100,52,13,8,50,49,51,48,43,40,58,43,42,43,50,51,53,40,55,43,59,10,12,17,26,10,18,40,77,15,41,104,60,36,3,20,53,56,71,38,35,67,66,23,35,38,70,63,53,24,65,64,41,69,31,17,44,7,4,24,104,9,17,23,10,29,5,17,45,49,55,58,41,103,55,43,14,47,31,29,87,19,57,97,7,32,24,10,84,8,6,12,
2,71,47,34,31,60,32,35,36,52,38,47,38,29,23,40,44,18,36,54,28,32,36,50,23,30,22,26,17,47,32,30,22,49,29,53,55,50,29,76,62,59,44,62,55,34,38,64,63,21,37,60,32,27,31,57,37,56,28,23,28,47,25,22,36,12,12,51,45,33,28,89,61,37,43,100,87,47,51,86,73,20,21,61,70,20,12,45,53,51,34,20,88,56,18,12,59,19,8,44,64,24,8,19,41,45,31,58,61,41,55,62,61,9,12,41,103,9,11,61,60,7,6,9,71,9,3,7,23,
3,48,19,6,4,8,17,17,24,78,48,50,25,40,59,56,42,29,35,65,48,59,61,69,48,19,19,29,28,54,31,32,26,38,31,19,23,7,19,32,38,80,89,63,46,48,59,59,45,44,44,73,103,84,59,65,74,24,22,36,61,56,35,38,38,18,8,19,47,14,5,18,30,107,67,42,65,72,50,43,62,29,24,35,107,95,26,62,96,41,16,11,42,38,21,19,44,14,4,3,9,9,2,5,14,94,22,15,40,66,24,13,59,30,17,7,55,65,7,9,21,16,7,9,15,6,2,2,14,
3,3,5,46,7,5,2,4,2,40,19,73,47,67,43,29,36,20,48,73,32,49,68,86,43,40,59,27,14,55,44,27,19,19,4,21,5,38,10,12,6,101,33,83,64,75,52,62,61,50,85,104,39,61,79,91,59,77,47,28,41,99,55,46,68,18,18,22,14,21,26,36,10,60,22,78,84,67,36,64,33,65,53,78,33,37,61,44,43,80,76,26,23,104,40,10,51,5,7,18,14,6,5,5,2,21,11,19,28,17,11,4,2,23,18,2,3,6,30,7,13,9,9,3,9,35,3,1,15,
3,55,16,11,14,28,32,29,38,47,18,38,25,17,47,50,57,74,19,23,32,26,29,38,59,28,3,2,3,24,8,4,4,79,50,36,31,29,46,30,26,33,42,63,39,20,34,48,37,74,50,106,46,62,30,45,51,45,41,59,21,47,24,30,16,106,65,15,13,25,86,13,12,26,38,60,54,76,58,47,66,99,63,72,56,106,28,36,56,87,74,56,28,88,47,56,31,88,39,3,4,7,22,8,5,26,13,6,14,88,34,26,33,40,24,6,9,73,9,6,11,54,42,16,11,42,27,9,9,
3,85,23,17,24,27,39,33,58,34,22,92,38,15,41,72,41,32,30,64,30,82,55,53,36,10,3,3,3,20,5,3,4,66,60,37,23,31,41,32,37,19,36,96,59,24,44,94,44,23,41,77,36,88,39,75,34,1,1,2,4,20,3,3,2,77,104,26,18,20,80,23,10,14,63,85,20,22,70,79,19,17,34,63,50,68,21,44,21,2,4,5,4,5,1,2,1,47,104,6,4,2,17,9,1,51,99,18,74,39,88,52,16,31,74,44,45,104,64,16,19,14,45,16,4,3,2,1,1,
3,70,19,24,37,43,17,18,38,25,35,77,28,13,36,60,32,25,29,74,28,47,57,65,27,70,18,13,10,53,21,17,24,71,33,35,34,55,50,39,41,47,46,104,53,37,62,90,66,53,58,104,50,72,68,93,71,66,15,60,54,61,15,24,70,34,34,50,37,41,26,13,12,30,56,104,50,27,41,73,46,39,58,104,82,47,48,75,60,54,21,36,71,38,5,12,71,5,11,11,9,6,5,3,2,7,17,21,6,5,7,15,9,10,8,15,33,11,7,14,14,7,11,9,11,2,0,0,3,
3,26,4,7,14,55,12,4,7,77,24,51,40,78,41,45,46,21,34,69,24,44,52,75,33,85,38,11,9,59,32,20,30,15,6,5,6,33,29,15,6,53,42,65,51,76,79,67,48,49,75,89,46,54,61,91,63,76,21,19,25,54,26,33,65,5,4,21,14,10,8,4,1,60,30,53,50,73,96,39,22,40,39,70,43,28,43,63,86,60,53,17,12,67,32,9,53,14,10,56,33,8,3,4,6,103,14,15,57,35,52,20,26,25,52,11,26,38,39,44,76,23,36,13,18,92,19,8,24,
3,37,9,28,84,59,14,35,32,31,22,33,21,18,28,57,37,103,49,29,13,51,41,53,35,36,5,2,1,51,4,5,9,63,29,19,40,80,40,20,29,40,41,63,32,30,37,56,38,107,34,55,21,50,25,49,63,38,3,5,1,60,2,5,8,77,64,21,42,44,54,16,22,50,77,53,25,33,88,71,31,107,84,91,30,78,43,44,55,25,25,25,2,53,1,4,4,15,31,11,17,6,11,16,14,56,107,12,26,33,51,41,21,67,86,36,22,98,107,22,18,10,28,16,1,17,19,2,1,
3,35,9,9,19,104,9,16,24,33,25,43,19,13,44,73,47,58,20,24,11,38,46,37,13,75,2,0,1,3,0,1,4,67,50,22,23,104,23,35,34,46,47,93,46,26,49,79,48,84,28,61,31,102,41,46,31,95,4,0,1,4,0,0,8,79,44,15,18,50,43,17,38,50,44,61,29,29,104,62,38,86,27,44,31,80,49,37,38,83,11,5,1,3,2,2,10,51,50,9,12,14,15,11,11,71,55,27,45,32,77,51,24,67,53,28,15,100,104,28,26,66,38,15,6,16,9,3,8,
3,27,23,7,7,15,24,20,29,34,54,66,15,11,42,68,37,61,59,87,74,76,48,56,70,8,5,27,65,32,21,22,15,37,45,12,11,30,39,18,9,52,82,53,36,31,47,58,38,70,69,72,87,99,69,65,52,17,7,16,42,30,14,10,17,13,104,17,2,7,98,79,11,38,84,66,36,56,104,104,38,35,28,47,81,57,25,28,22,58,3,2,15,20,2,2,37,11,104,3,0,1,7,14,8,19,61,27,21,91,69,29,17,8,12,17,12,23,30,3,3,39,4,2,3,1,0,0,16,
3,18,16,30,22,26,23,35,14,60,26,60,57,58,49,60,55,36,54,60,24,40,65,67,35,65,59,39,27,50,61,39,21,23,22,76,37,39,26,65,38,56,42,105,76,75,71,105,75,43,66,105,41,44,52,77,57,65,52,68,62,72,58,63,50,25,30,35,23,33,35,24,17,43,50,105,68,50,49,62,45,23,25,87,81,23,14,37,43,37,39,51,50,19,23,23,37,2,3,2,2,5,10,5,3,3,3,7,9,6,7,7,9,3,2,4,6,2,1,1,5,2,4,4,2,1,2,1,3,
3,27,12,6,14,19,5,6,16,65,16,33,37,31,33,36,74,26,62,55,19,38,88,52,19,46,50,8,5,93,14,5,4,46,15,6,8,11,10,6,19,96,45,66,50,53,51,48,65,38,48,67,47,83,52,65,44,84,19,5,20,106,11,11,18,48,19,25,30,11,8,3,9,102,77,50,36,34,83,28,24,25,49,57,46,83,40,28,29,63,24,11,15,88,6,2,2,12,19,15,11,7,8,3,2,71,106,20,36,21,50,18,6,94,85,38,38,106,92,22,23,30,35,16,6,48,11,1,2,
3,62,27,32,16,76,31,37,25,44,17,43,24,50,48,55,33,33,25,28,12,41,44,38,32,69,53,23,21,38,45,29,27,30,21,55,20,32,28,73,33,39,28,101,50,51,61,86,41,37,42,72,25,38,36,64,43,34,30,52,13,21,29,70,26,18,4,53,64,13,11,16,14,69,59,58,81,33,57,50,15,60,55,66,56,41,68,89,54,40,75,69,8,56,66,20,23,7,14,26,27,10,10,4,2,66,44,6,10,10,12,11,5,88,57,17,30,63,62,45,13,68,58,6,4,81,93,7,6,
3,59,29,22,26,25,19,34,48,40,29,75,36,31,44,64,63,56,29,38,43,112,46,26,39,11,5,5,23,22,7,8,5,66,58,43,27,32,39,45,36,44,48,104,65,44,56,79,79,54,44,54,57,112,49,39,53,10,3,10,30,24,7,18,19,112,32,22,21,58,87,18,40,34,39,88,40,45,55,66,82,35,37,54,61,112,76,73,71,40,23,28,28,20,42,62,42,43,5,4,11,11,29,10,11,12,13,18,9,15,35,29,39,20,12,4,2,46,41,14,33,9,9,11,4,11,37,27,13,
3,45,6,4,18,35,7,5,11,55,20,50,54,47,44,56,41,59,53,47,25,48,56,51,25,55,26,5,8,19,12,5,9,39,16,9,13,36,24,10,16,55,45,75,77,69,59,69,59,77,49,74,58,60,44,65,60,70,11,11,26,39,12,8,26,37,27,33,28,14,11,7,11,60,31,59,71,42,95,58,36,60,53,49,48,63,37,54,100,33,38,19,27,48,9,2,14,63,20,18,26,14,6,9,19,104,31,24,93,58,60,55,61,39,70,22,66,104,31,52,59,9,29,24,24,29,6,4,8,
3,70,48,8,6,20,19,16,13,65,55,43,42,29,44,61,47,86,47,36,32,51,56,41,33,19,34,40,27,30,42,57,40,65,45,6,4,8,4,2,5,84,88,33,50,50,37,29,24,66,73,87,43,31,33,55,56,30,46,43,43,44,45,26,23,31,21,4,2,20,12,4,59,83,100,22,10,76,51,29,53,45,57,66,35,21,20,69,67,17,11,28,102,42,13,36,107,14,2,3,1,14,13,5,41,39,33,11,5,56,35,8,20,18,35,45,37,10,4,53,107,3,4,14,107,27,2,29,93,
3,65,35,20,12,65,65,24,21,81,66,55,43,51,58,55,48,49,46,63,36,39,57,64,46,39,13,25,48,59,21,28,47,58,40,30,40,79,42,10,10,99,84,60,57,60,61,54,44,53,58,67,41,37,38,44,44,37,17,31,46,90,22,10,19,71,41,31,43,27,36,11,8,93,100,54,19,33,96,88,32,40,36,57,48,32,30,59,79,61,8,8,22,106,30,8,58,13,8,1,1,3,6,8,3,19,26,9,3,3,32,43,7,9,11,11,10,5,17,20,34,6,2,1,3,54,10,3,19,
3,58,29,18,24,19,16,30,61,36,25,59,38,23,50,66,59,79,33,51,21,19,37,59,38,0,2,30,3,1,4,42,2,61,53,32,33,41,35,51,64,34,29,87,68,27,40,71,60,101,38,78,24,17,32,41,37,1,2,28,3,3,4,10,2,50,55,38,23,39,69,51,18,16,32,86,29,16,37,56,32,51,37,105,28,17,34,92,52,8,12,105,12,8,16,61,18,21,105,11,17,16,37,32,5,38,52,24,32,59,68,71,29,84,73,39,45,82,56,53,51,17,28,35,17,19,17,37,19,
3,18,9,8,13,19,22,17,16,81,19,27,27,39,38,55,90,26,25,38,35,59,88,77,25,40,30,64,20,32,20,39,11,45,34,40,39,35,38,25,28,109,72,71,59,73,62,48,65,96,41,83,109,109,70,69,61,44,9,34,30,35,17,27,29,31,18,33,34,28,13,7,18,86,109,78,64,47,87,32,25,30,42,73,109,61,46,32,30,25,29,33,15,16,5,10,18,17,5,2,6,19,6,3,4,41,38,13,41,50,19,16,23,30,22,10,28,44,22,17,28,21,7,2,6,18,3,4,8,
3,34,30,33,44,45,28,41,32,58,49,49,59,64,36,52,84,26,31,56,41,40,56,64,44,34,52,30,23,45,46,21,18,37,25,39,54,58,33,34,32,102,64,62,71,61,48,45,50,33,45,58,56,44,40,58,38,47,24,30,50,66,28,43,54,34,32,39,49,45,35,30,27,88,56,56,47,49,45,53,46,25,22,47,44,21,29,38,23,51,40,37,39,56,26,38,83,36,19,23,35,35,16,27,23,79,22,32,44,22,25,38,39,61,36,42,43,29,63,60,50,22,44,22,15,84,20,23,38,
3,35,17,7,5,13,17,7,9,53,48,43,17,18,31,34,38,52,43,79,51,40,65,71,77,40,21,52,51,84,41,36,69,24,28,9,12,10,7,5,3,61,67,38,28,27,18,27,37,82,91,106,66,43,75,82,79,40,24,42,83,106,39,24,54,21,8,1,6,11,3,1,1,76,48,23,17,14,52,13,15,37,56,93,88,25,19,56,80,64,12,23,106,90,8,8,96,17,2,1,1,7,3,1,1,85,25,17,50,34,28,14,16,26,27,21,67,23,12,18,37,16,4,9,41,9,2,16,21,
3,18,5,6,20,38,10,9,15,55,31,37,37,38,34,50,49,53,54,39,18,44,66,74,31,35,17,2,3,17,11,14,11,43,25,27,23,66,37,19,20,89,71,50,38,61,61,61,42,70,49,56,39,65,43,64,67,28,4,6,8,23,9,15,21,68,38,53,70,34,30,30,31,88,89,44,40,39,98,73,39,51,81,93,34,90,46,45,72,22,41,51,10,20,10,11,8,35,23,13,15,6,7,7,7,95,76,11,29,35,64,29,18,66,63,28,18,104,90,16,21,32,41,28,4,22,8,2,2,
3,40,15,3,4,8,12,11,17,80,47,40,17,24,34,55,56,35,33,58,35,70,70,70,43,22,10,8,18,79,28,18,22,44,40,6,4,9,13,10,9,106,94,51,43,45,39,58,48,65,59,66,83,103,50,67,69,41,13,14,75,105,27,14,35,32,12,8,6,17,10,6,34,96,85,45,25,78,43,48,104,29,30,52,111,88,15,58,111,18,6,8,72,60,25,11,39,12,4,1,1,6,4,2,10,28,20,9,11,36,20,13,45,4,8,7,75,27,3,13,40,5,2,4,14,8,3,5,9,
3,67,34,17,14,23,35,29,29,58,44,74,30,36,46,61,48,34,28,60,50,97,44,48,44,11,13,12,10,33,7,3,6,71,77,40,34,40,50,43,26,59,72,91,52,49,56,81,51,48,42,59,81,103,44,62,46,7,6,9,14,30,14,17,6,78,34,19,28,48,41,12,22,50,88,91,51,45,60,61,33,53,32,57,100,70,30,44,63,11,12,10,9,10,26,29,6,61,25,11,17,40,31,11,13,67,42,23,43,58,71,31,41,55,15,11,59,56,15,20,57,8,6,5,9,11,5,4,6,
3,54,13,6,10,23,17,12,22,96,39,77,39,43,90,101,76,43,38,59,28,82,85,103,60,20,9,3,5,46,16,10,13,65,44,11,10,16,23,12,17,103,99,103,76,57,83,98,82,48,55,93,84,103,53,81,67,10,7,18,38,59,7,6,12,38,10,3,6,7,7,0,12,80,53,80,24,40,86,39,41,35,31,74,57,79,25,37,35,7,11,17,24,28,5,1,2,1,0,0,0,0,0,0,0,2,1,1,0,1,3,0,0,1,0,1,0,2,0,0,1,0,0,0,0,1,0,0,0,
3,0,1,2,7,22,6,1,0,29,28,32,25,40,35,19,56,49,89,68,18,34,65,73,56,25,34,19,21,55,69,36,20,3,5,8,8,7,7,17,4,28,46,66,26,57,41,72,49,91,100,60,24,52,55,68,50,25,34,34,25,30,34,32,22,11,5,7,5,8,10,75,18,22,44,39,35,69,61,93,35,55,78,74,42,48,57,53,42,27,44,33,18,17,16,29,30,18,13,67,28,6,6,37,6,17,9,84,91,70,20,33,15,104,46,56,82,45,75,39,62,36,74,42,25,14,45,58,67,
3,24,6,5,38,99,26,7,15,55,23,34,25,36,46,58,64,96,52,35,13,57,51,65,44,51,14,3,2,15,6,2,9,21,12,7,14,59,65,13,10,47,45,65,39,47,59,63,44,95,49,57,24,54,34,48,68,30,5,4,2,11,3,1,14,30,35,29,95,38,23,5,2,57,107,42,44,45,104,74,17,107,54,60,34,73,33,41,58,10,39,40,2,12,3,1,4,7,20,36,48,7,10,3,1,54,107,5,10,23,29,17,7,104,53,23,18,107,69,14,25,10,74,57,4,35,16,1,2,
3,103,10,6,23,104,17,9,26,75,32,49,34,40,51,62,61,52,41,48,30,71,81,72,35,78,19,4,9,55,19,9,13,104,35,11,14,104,25,10,15,74,57,57,40,47,47,58,37,52,38,51,58,78,38,56,46,67,7,5,23,61,9,9,20,104,14,24,32,104,15,3,15,102,53,54,23,36,68,48,32,27,32,47,53,95,31,47,91,46,32,30,12,58,12,2,14,35,4,20,24,11,4,2,10,54,13,35,16,6,37,22,20,4,15,25,10,58,9,18,36,4,19,25,5,31,3,1,2,
3,53,14,11,7,91,12,19,24,58,17,39,22,55,46,55,31,21,14,40,18,30,42,68,18,84,15,10,6,14,9,12,20,90,18,14,14,104,9,10,16,74,33,59,57,61,47,43,29,31,40,64,47,49,35,58,41,58,47,29,11,25,17,10,33,57,16,21,45,104,14,17,25,104,50,37,93,39,40,35,20,50,44,46,53,46,69,52,55,81,70,25,6,74,68,5,33,7,11,17,25,82,11,13,13,98,25,5,17,32,12,10,13,75,47,16,33,60,57,30,20,95,41,4,3,75,53,5,8,
3,6,1,1,7,29,5,2,3,83,14,47,72,105,34,45,68,19,27,74,35,53,68,84,31,105,52,15,9,47,35,17,22,6,2,3,6,24,10,3,3,58,19,67,59,105,69,59,44,40,46,94,62,63,51,90,50,105,18,13,25,50,23,25,80,1,2,6,4,4,2,0,0,8,12,45,31,78,70,42,7,24,42,93,71,39,38,90,63,53,57,39,22,33,17,23,72,1,1,11,28,4,0,0,1,28,31,31,81,54,18,26,25,23,61,36,62,64,22,54,30,8,36,14,7,23,9,13,16,
3,51,14,4,5,18,15,7,14,79,37,60,27,47,62,52,53,47,31,42,38,75,60,48,52,21,10,4,14,61,17,9,19,57,28,4,3,16,15,5,9,106,80,86,78,79,76,66,77,83,71,73,85,107,67,61,56,18,9,7,33,56,9,7,16,49,25,9,15,11,14,3,6,107,107,55,34,38,107,50,22,72,53,63,74,74,101,65,52,28,25,13,15,49,32,5,16,5,5,2,4,1,0,0,0,23,27,3,2,1,32,10,1,14,8,10,20,17,35,25,26,8,6,5,8,15,7,2,9,
3,17,5,6,14,37,6,12,11,59,17,45,70,97,35,46,58,32,41,53,23,40,58,62,32,67,36,15,7,22,17,15,13,9,17,100,5,24,16,54,5,62,35,104,67,86,73,75,62,52,63,92,42,57,63,67,64,69,20,13,15,32,19,16,41,2,3,10,5,3,9,32,6,24,20,67,38,48,70,54,29,32,39,70,65,58,33,56,104,26,73,22,41,46,7,7,39,7,4,9,25,27,4,6,6,59,36,42,72,75,29,29,67,30,48,33,72,80,25,38,71,11,11,12,34,19,4,5,21,
3,21,6,7,12,11,6,15,28,37,15,33,48,47,30,31,38,30,67,60,30,26,50,54,25,27,33,15,25,12,11,21,14,20,11,11,15,16,16,22,33,57,35,64,42,82,56,62,48,43,60,91,48,69,61,107,55,51,25,20,34,35,23,23,31,18,21,32,25,11,14,11,13,70,37,72,64,53,77,42,25,49,57,82,62,53,48,73,106,30,36,29,21,38,41,20,35,17,10,38,34,16,4,4,8,107,15,32,79,66,43,20,57,92,57,35,94,107,36,45,66,13,34,34,34,30,9,6,13,
3,35,30,20,11,14,38,40,22,39,37,49,28,31,46,71,48,34,32,48,28,47,52,65,45,24,12,17,29,87,18,33,47,49,48,22,14,15,9,8,13,31,56,98,47,37,47,65,40,35,77,84,28,34,39,78,31,16,15,30,74,53,20,78,24,38,99,28,5,10,32,8,7,18,69,105,27,16,48,87,19,39,61,105,60,32,37,89,60,29,37,75,44,12,15,85,85,16,83,13,1,9,74,5,2,6,61,61,12,4,27,17,3,57,22,31,53,25,12,16,52,34,33,24,40,28,2,4,22,
3,29,34,41,39,30,39,55,56,37,35,55,37,21,31,63,46,36,45,68,36,67,52,70,47,14,9,8,9,32,13,9,7,35,32,46,72,49,55,52,51,47,65,85,57,43,44,71,52,47,78,92,77,91,70,73,63,7,49,56,21,28,37,44,6,46,14,37,77,47,36,20,22,37,58,62,46,30,39,69,42,34,51,72,93,47,59,78,82,10,44,37,7,11,77,63,7,12,2,2,9,17,11,13,15,14,17,5,32,24,19,43,37,21,17,30,32,10,23,38,48,12,19,47,29,9,48,40,19,
3,7,2,6,16,12,13,7,25,37,17,26,60,106,36,30,41,23,34,57,24,32,65,81,36,75,60,15,9,32,23,18,20,3,1,2,2,9,3,3,5,31,35,50,41,106,52,45,33,32,50,78,44,40,45,67,50,81,19,16,21,37,20,30,74,7,12,8,5,10,17,28,6,24,37,54,51,106,87,47,32,28,37,64,36,27,31,45,46,73,62,39,24,24,33,27,64,27,25,8,50,27,21,15,32,31,41,35,106,53,79,83,106,41,29,15,17,29,101,55,62,46,45,21,26,22,63,40,67,
3,28,19,8,15,19,24,29,31,49,37,31,17,19,55,58,64,14,18,31,20,44,65,44,27,8,2,2,2,13,6,3,7,42,31,13,15,68,54,41,79,35,50,69,31,25,46,48,43,44,35,72,39,74,77,82,51,8,1,1,2,11,34,44,20,28,30,42,52,56,79,40,53,33,47,56,41,55,84,79,82,106,63,45,33,106,76,61,88,19,6,9,21,17,38,64,30,17,13,14,35,19,14,25,48,39,10,6,23,38,30,29,42,75,85,26,19,99,106,13,28,15,49,57,21,26,29,5,16,
3,10,7,19,21,8,7,18,17,20,10,75,96,36,21,72,68,10,33,103,53,28,61,98,48,7,18,11,9,19,21,11,5,7,15,76,36,8,5,12,10,85,44,101,78,60,32,71,77,37,59,74,47,72,73,90,60,54,22,17,32,76,44,30,24,9,4,11,5,8,6,10,9,49,53,60,24,18,24,46,30,33,40,84,58,45,31,60,54,23,13,27,36,53,23,23,33,23,12,23,17,22,10,9,13,88,26,27,49,37,28,30,54,75,56,22,36,86,52,58,71,15,35,15,16,87,24,16,19,
3,15,2,4,27,38,9,16,11,49,25,52,72,53,43,71,51,75,81,52,21,49,66,61,30,30,15,2,2,10,7,10,6,29,7,7,22,48,30,8,12,65,30,71,73,71,64,63,55,100,54,78,31,78,51,73,78,33,3,3,5,17,4,2,12,23,24,27,102,41,12,8,5,69,103,47,64,49,68,45,23,67,99,61,26,86,47,35,63,6,33,34,9,5,9,7,3,10,11,31,43,17,6,11,11,63,87,28,37,19,27,23,17,55,92,48,28,94,47,17,20,12,42,27,3,6,17,11,4,
3,50,15,16,24,26,12,7,24,73,16,35,45,35,29,37,62,19,23,35,23,38,67,52,20,63,24,34,25,39,35,30,33,85,18,18,38,84,33,20,63,104,60,59,43,78,46,46,54,25,36,75,59,69,42,72,46,48,22,23,45,54,21,16,31,25,20,44,70,41,48,41,29,101,56,51,37,48,36,36,54,20,17,43,99,48,29,64,92,22,8,5,42,41,23,11,23,22,4,9,40,31,7,9,40,94,22,8,72,80,12,18,104,22,19,6,104,39,9,22,57,9,4,6,26,9,15,11,19,
3,38,21,15,35,38,12,8,27,48,24,33,40,35,37,67,65,41,41,25,11,46,66,62,21,87,26,2,4,17,6,1,5,58,53,23,31,60,37,34,44,72,64,80,39,49,62,72,47,42,44,63,46,92,41,61,44,96,43,12,12,35,5,3,15,33,37,35,50,16,13,4,10,79,109,51,29,19,97,61,21,25,58,54,41,109,47,39,39,29,47,28,11,23,3,1,11,4,9,11,11,2,3,2,1,64,109,8,17,16,36,18,6,67,103,18,15,109,100,18,17,18,30,15,3,27,11,1,3,
