1,6,1,0,1,4,3,1,4,34,6,20,17,9,11,46,64,6,10,23,25,22,38,54,12,4,3,2,3,6,6,5,3,43,15,8,10,27,58,15,14,106,37,63,93,75,45,79,102,62,53,67,92,103,76,71,44,36,19,18,9,18,15,22,23,38,29,30,54,71,43,19,17,106,77,61,91,60,51,73,37,85,45,51,93,81,54,71,49,38,13,7,8,11,13,14,37,9,7,9,20,18,4,4,9,104,48,34,65,27,41,50,55,25,31,27,87,34,38,75,33,13,16,7,9,1,1,4,9,
1,6,4,7,10,6,7,17,15,12,10,12,20,12,6,23,27,12,17,14,9,17,22,18,8,7,7,4,3,8,12,15,5,40,25,37,40,48,28,29,34,56,48,107,99,47,34,101,91,50,91,107,51,57,86,107,64,44,44,35,28,48,45,39,30,29,21,24,18,31,21,20,17,80,76,88,68,62,87,81,71,72,61,107,73,76,72,94,95,32,24,31,28,36,20,21,19,9,5,4,4,6,4,2,5,50,36,26,28,52,50,20,34,30,23,44,41,29,23,27,42,12,13,13,11,12,14,12,12,
1,32,15,15,24,18,20,25,34,34,34,44,27,12,27,66,46,22,65,28,20,80,18,23,8,79,1,1,6,26,0,0,16,58,35,29,40,32,27,40,40,48,37,92,71,31,37,82,57,62,59,65,39,86,56,49,27,104,17,18,21,40,30,2,21,57,48,30,38,40,32,29,31,42,49,90,66,38,43,80,41,71,36,68,52,54,36,59,40,104,33,19,16,38,61,8,22,60,17,20,39,24,32,20,28,50,46,47,68,36,67,59,66,36,30,32,74,54,16,28,69,52,30,70,5,13,26,3,11,
1,3,1,1,7,8,1,4,3,20,14,37,65,35,22,44,32,34,66,38,32,26,35,44,16,19,19,3,2,6,5,2,1,35,34,25,50,52,22,10,8,65,50,105,105,90,60,97,73,79,64,89,56,57,64,85,53,65,20,8,6,21,12,7,19,26,60,80,63,38,51,100,33,64,82,105,67,59,105,105,62,88,46,55,46,39,44,44,91,22,5,2,6,16,5,4,19,15,10,14,14,4,9,45,32,13,27,30,26,16,56,46,14,18,30,16,7,7,16,7,13,2,7,2,2,4,0,0,1,
1,28,8,8,9,11,10,11,9,84,14,23,24,14,6,30,40,9,16,43,21,17,35,81,23,25,21,11,13,28,42,23,11,37,14,15,17,17,13,14,14,109,29,87,50,31,26,66,68,26,63,109,46,25,65,109,53,32,35,33,33,46,41,35,32,47,15,14,14,18,19,21,20,109,29,77,47,31,62,60,55,35,38,109,72,38,65,101,86,38,18,20,34,30,13,14,36,18,7,15,13,13,8,17,5,109,19,38,50,23,71,13,40,31,36,58,58,37,73,39,80,27,40,16,26,86,9,15,58,
1,31,28,41,33,20,17,30,29,30,44,43,16,12,27,62,36,14,44,57,8,43,44,43,8,1,17,43,1,1,16,28,3,53,43,22,21,38,45,32,23,59,61,99,47,31,44,99,54,45,57,79,33,105,51,67,39,17,28,49,2,6,7,45,31,52,38,12,21,42,62,10,14,58,77,82,57,46,46,72,50,80,56,53,63,105,36,47,36,54,21,14,3,11,4,21,34,63,55,5,19,12,62,14,8,61,62,35,43,105,83,37,67,64,18,12,20,77,13,11,18,86,3,1,1,27,4,2,13,
1,58,21,13,24,61,26,12,33,34,23,26,14,19,15,17,26,18,25,30,14,26,23,22,17,41,21,28,17,28,23,18,19,111,31,15,33,111,53,21,44,77,50,59,40,57,51,59,51,59,70,74,34,56,62,76,56,63,36,60,25,51,51,66,67,111,28,17,84,111,28,22,69,60,53,43,43,64,58,42,41,62,66,73,34,37,32,58,80,23,17,54,10,9,11,50,31,43,10,12,42,31,9,4,38,33,16,8,10,22,52,41,27,29,44,37,12,56,27,38,53,6,41,58,6,8,7,27,8,
1,3,1,3,23,6,2,43,61,18,14,31,74,6,6,42,46,17,31,21,28,22,26,28,26,1,1,1,5,7,3,2,3,38,10,25,92,57,9,23,66,93,61,81,89,66,35,66,80,68,82,59,42,75,79,59,41,7,3,2,11,16,8,4,3,42,46,24,57,60,37,30,46,64,89,54,39,61,50,74,51,40,65,77,76,57,33,55,51,10,5,15,10,10,4,5,10,24,21,30,41,27,19,31,40,24,98,27,26,37,60,77,44,61,76,42,42,85,95,49,71,12,8,9,5,6,8,12,19,
1,2,1,1,1,1,1,1,2,18,10,17,20,10,8,27,45,15,24,21,12,19,48,54,22,3,4,2,3,9,15,5,2,23,6,4,5,6,5,5,10,107,56,49,60,55,50,63,86,108,108,87,92,104,108,108,101,16,16,13,28,69,49,24,20,25,11,4,6,6,5,5,7,108,80,50,59,69,48,58,40,108,60,75,108,108,47,60,108,24,14,17,59,82,31,15,33,3,3,2,3,1,3,6,8,21,36,15,10,13,26,12,10,32,8,7,17,22,7,5,20,4,1,1,12,16,4,2,4,
1,4,3,8,18,21,11,8,6,40,22,32,37,29,21,41,50,15,18,26,16,28,58,62,30,27,32,12,9,19,24,15,11,10,4,4,11,39,27,12,10,72,58,73,40,59,60,75,83,41,65,97,44,65,77,88,47,41,19,17,19,54,35,27,47,10,6,3,8,18,14,8,9,73,97,82,54,92,87,89,41,39,66,103,75,56,44,103,71,39,24,9,32,39,18,18,50,10,9,18,42,26,12,18,20,27,34,36,60,51,29,33,32,42,32,46,66,40,16,30,87,54,68,25,39,42,39,36,39,
1,7,3,25,13,40,9,47,15,38,17,31,21,72,29,57,36,8,8,28,31,50,30,53,18,77,28,38,40,31,30,39,51,13,17,41,15,24,14,27,18,38,36,65,28,87,72,48,44,34,36,63,51,72,71,58,38,96,50,52,27,46,36,45,77,25,22,46,42,13,8,36,23,83,45,87,103,72,83,54,21,45,37,103,95,68,48,88,57,35,48,72,40,56,14,16,36,5,5,40,92,3,2,16,9,51,20,54,65,14,22,18,5,24,10,68,37,12,33,60,25,3,2,6,10,6,9,8,5,
1,15,9,11,8,16,6,14,13,67,31,44,25,14,24,63,67,19,20,53,49,36,44,86,24,105,43,21,25,18,15,17,44,23,15,16,7,4,8,18,11,105,63,81,42,50,58,55,65,36,32,93,62,60,66,55,54,104,50,33,25,21,11,20,103,12,5,9,6,3,1,16,23,95,55,45,52,56,36,51,65,43,38,70,96,82,43,60,62,40,105,20,29,11,2,9,40,19,3,4,9,9,2,2,17,70,24,38,66,57,19,25,85,21,16,29,74,68,20,33,35,12,12,5,8,3,1,3,12,
1,7,6,4,20,24,4,7,7,22,19,74,77,38,12,57,35,21,66,78,22,16,33,75,18,45,52,9,6,12,11,11,6,18,17,15,17,74,19,11,7,50,40,64,50,83,40,66,50,44,68,56,35,41,52,61,33,96,57,22,19,28,21,18,20,18,51,94,35,32,17,7,3,60,73,55,45,56,58,36,21,47,46,49,38,52,29,44,55,89,96,44,33,97,47,36,64,16,17,4,4,8,6,1,1,96,78,16,15,28,92,16,17,61,37,30,30,61,32,16,59,70,37,24,31,91,29,13,31,
1,1,1,3,18,9,0,1,2,10,11,66,104,26,12,12,12,25,65,104,36,16,18,25,23,22,74,25,3,9,13,11,7,7,4,8,30,85,10,3,5,48,28,35,71,98,30,47,40,37,59,46,21,24,26,90,69,87,70,32,15,48,47,29,26,17,9,19,18,86,48,5,4,49,28,64,50,82,63,49,24,64,64,104,44,36,47,68,45,75,60,66,20,42,36,39,62,10,3,5,28,22,28,5,5,43,13,21,64,89,73,32,29,47,47,81,34,27,45,54,52,65,53,43,12,20,29,30,53,
1,39,13,6,25,44,24,3,13,24,17,28,32,30,23,58,47,27,83,49,10,23,51,60,16,30,31,3,6,48,63,4,5,66,72,16,26,85,18,6,16,67,59,58,50,69,29,54,65,55,73,70,24,53,59,80,31,69,34,8,13,68,50,8,17,51,78,8,10,34,32,8,9,70,81,36,36,67,68,33,39,45,77,58,27,53,36,45,53,54,59,47,24,88,30,8,27,18,22,6,10,15,23,2,3,77,75,39,51,28,66,24,14,65,50,37,29,61,30,36,96,11,14,22,10,103,12,4,22,
1,31,15,36,49,17,11,39,44,17,40,56,20,13,42,77,27,28,38,39,19,33,46,58,15,13,5,27,4,13,17,48,13,57,39,22,26,42,29,33,27,41,39,88,70,29,35,90,52,103,48,63,42,72,52,67,27,72,16,31,15,65,15,35,17,41,44,41,23,46,55,31,12,33,51,62,54,27,30,56,30,92,33,82,52,66,35,60,43,71,16,65,13,64,17,27,17,100,21,27,37,32,58,19,21,16,48,49,32,44,65,55,59,41,54,66,32,97,26,31,49,37,34,54,14,37,20,16,13,
1,18,9,15,76,65,7,8,16,29,33,33,24,9,19,43,31,57,83,18,6,17,30,30,9,7,3,1,1,1,1,0,0,37,22,21,47,98,52,21,23,40,42,93,47,22,40,91,48,106,66,69,21,37,54,55,42,20,3,10,13,2,2,1,3,17,10,12,27,65,79,11,12,42,52,97,42,40,63,87,53,97,39,106,66,26,31,58,99,10,30,83,95,7,31,32,19,11,11,49,63,20,34,10,12,16,26,51,36,19,21,33,44,9,8,59,50,9,7,73,106,5,20,29,13,4,38,81,56,
1,20,6,4,11,26,21,33,23,28,20,27,43,36,19,59,44,17,27,42,18,21,43,61,32,36,31,10,13,20,35,31,16,75,21,43,23,80,28,16,23,72,53,87,35,86,76,61,48,41,40,97,47,35,54,75,60,63,21,30,28,50,24,20,33,21,14,67,25,23,11,11,12,36,51,90,48,28,39,32,24,61,69,98,66,46,52,92,80,41,32,59,23,100,30,14,48,3,7,9,12,7,4,2,1,21,25,4,4,5,10,7,3,85,103,26,45,95,39,45,25,31,61,32,13,103,33,18,22,
1,25,19,29,12,25,13,23,15,85,40,71,37,70,28,33,39,71,48,83,35,77,37,55,31,103,41,84,43,90,44,45,22,31,10,7,13,42,22,24,18,53,33,56,28,69,49,54,40,32,50,82,30,32,51,81,37,47,25,21,31,44,25,33,34,55,14,31,25,65,10,5,15,64,30,61,57,83,44,34,39,31,59,89,44,29,39,69,40,64,18,10,31,43,12,13,34,9,12,60,19,11,6,7,7,103,9,36,47,24,51,19,31,27,42,45,45,28,59,57,70,25,48,15,25,84,7,14,37,
1,27,20,8,12,26,11,14,15,40,29,34,19,30,31,41,31,14,14,33,23,37,41,44,21,31,15,8,14,37,24,13,18,32,50,29,19,25,24,70,24,53,53,67,35,50,56,71,54,40,31,70,47,59,51,58,50,40,12,11,32,44,20,23,27,61,55,37,52,57,48,88,53,64,60,56,46,103,89,66,34,61,35,60,66,58,33,50,75,74,24,18,38,57,46,56,64,57,33,35,38,27,20,29,37,26,40,35,21,39,96,54,32,37,22,30,45,40,52,59,103,44,30,28,47,63,29,26,49,
1,42,7,3,23,27,2,1,7,41,22,43,53,24,11,41,41,14,27,54,27,32,50,64,19,27,17,9,8,20,20,24,13,43,19,10,20,46,18,8,11,81,55,59,43,64,37,61,55,51,57,76,53,73,56,74,41,96,33,26,27,64,27,38,46,31,17,8,10,27,13,7,7,51,56,57,38,51,44,56,23,44,59,77,68,54,29,71,80,82,37,38,36,88,14,14,71,27,16,12,20,14,8,5,8,94,43,33,60,41,87,39,64,15,38,31,105,73,22,61,105,10,38,46,43,43,8,10,26,
1,3,1,1,19,13,1,1,1,29,9,24,104,35,3,20,50,11,20,54,26,17,40,62,36,14,30,12,5,18,27,7,3,12,5,3,36,77,4,2,6,96,40,55,63,91,32,48,97,37,65,91,29,63,72,80,61,39,28,13,22,79,42,20,15,27,8,20,24,104,12,26,9,104,71,77,40,95,39,60,55,27,54,91,53,53,47,70,45,58,15,17,64,79,14,18,37,18,14,59,32,77,11,14,10,85,32,32,12,48,16,21,19,15,10,43,42,49,8,30,51,56,9,21,33,48,2,6,42,
1,6,3,4,11,14,2,3,4,29,29,56,47,30,21,38,28,30,49,60,33,30,38,48,17,27,20,6,6,11,8,4,4,20,14,10,20,58,23,8,11,68,46,92,76,78,53,69,66,64,64,93,42,59,63,71,56,65,21,12,12,26,12,8,28,24,11,11,46,35,21,6,8,71,62,70,69,90,91,53,51,64,53,70,39,40,34,50,78,22,10,11,4,7,4,5,25,18,18,26,68,14,9,2,3,85,98,18,41,37,80,29,18,70,88,44,47,104,71,31,71,10,64,58,4,17,10,2,2,
1,38,26,12,18,23,25,20,29,25,18,32,21,20,29,61,33,55,53,22,17,45,43,30,15,44,53,2,1,7,17,3,5,47,36,23,25,61,74,37,26,45,37,86,58,38,38,75,60,39,39,50,43,71,52,48,35,54,105,4,5,10,4,3,4,43,30,15,42,92,76,16,20,40,53,59,45,44,50,50,31,76,59,63,51,84,80,40,90,24,50,16,3,28,48,3,7,105,22,20,57,22,49,8,21,31,42,39,54,55,86,69,79,18,62,48,29,105,31,30,60,4,27,42,2,14,28,3,3,
1,67,7,4,11,32,9,5,8,31,8,17,17,32,12,13,23,19,10,24,15,28,21,14,10,17,6,5,5,12,15,12,10,106,40,29,34,83,44,30,42,83,36,79,71,88,58,81,64,75,59,106,62,88,75,94,68,73,23,20,24,56,27,29,43,106,67,31,26,68,64,36,37,59,32,65,63,72,54,43,38,78,47,80,93,95,36,65,106,65,20,35,21,58,12,11,27,16,10,9,8,10,12,3,4,17,5,17,14,12,10,3,6,9,12,15,17,26,3,7,32,3,6,18,4,6,2,4,3,
1,18,21,36,14,18,14,24,17,25,31,47,10,15,47,70,27,12,23,60,3,16,34,42,22,1,7,52,13,10,17,30,2,72,53,23,24,46,53,33,34,72,74,102,43,54,65,92,56,68,44,50,22,85,54,44,54,5,8,28,26,87,29,23,9,58,56,14,18,38,78,24,20,73,92,86,45,63,70,83,39,104,25,31,26,62,25,27,25,8,3,4,4,104,19,2,4,48,83,4,20,11,51,20,11,52,70,25,32,100,83,36,35,67,24,13,4,21,6,3,2,5,1,0,0,88,8,0,0,
1,15,10,9,53,64,7,7,12,23,23,50,39,15,17,50,36,13,18,30,21,53,55,35,20,19,15,6,6,19,37,19,18,28,35,30,27,102,63,12,13,57,48,84,49,38,45,58,63,49,59,70,55,73,66,63,54,59,104,30,19,51,104,45,31,28,21,39,59,39,52,12,14,49,62,73,66,41,53,61,42,41,41,97,69,72,32,76,65,38,104,52,13,35,58,54,23,31,11,25,26,8,12,2,3,60,36,19,32,25,72,19,17,42,41,28,28,84,26,22,45,8,22,26,11,22,13,11,6,
1,57,9,5,9,35,12,4,18,61,34,39,18,37,24,31,42,13,20,52,30,33,32,35,22,63,15,16,27,38,25,13,24,45,31,18,7,28,15,8,11,78,72,93,45,57,65,73,65,53,63,104,65,66,81,93,69,67,27,51,40,55,29,32,62,21,15,36,17,5,5,1,7,104,64,91,46,53,80,58,56,57,64,104,88,89,51,88,104,45,67,32,41,87,16,9,44,4,0,1,1,0,0,0,2,24,6,4,2,12,21,8,9,8,5,8,22,19,6,13,36,3,16,6,12,17,2,2,9,
1,22,4,5,8,5,3,12,43,20,16,33,24,13,29,94,60,11,22,26,18,38,79,49,11,2,1,0,1,7,5,1,1,87,34,13,24,23,25,35,45,59,38,95,89,49,49,89,84,50,58,71,59,103,98,58,42,15,5,3,8,27,12,6,7,69,80,20,25,33,22,18,18,48,55,70,87,39,41,70,37,52,46,61,87,90,47,59,38,29,13,9,21,27,10,19,30,54,13,5,9,9,17,4,11,57,53,56,51,24,76,70,39,39,19,33,90,69,32,49,67,41,37,28,20,14,24,27,28,
1,59,14,23,14,39,8,13,12,26,20,62,42,16,18,43,30,22,59,54,21,37,26,46,17,57,14,14,14,84,9,10,3,104,20,17,25,65,23,14,21,64,29,79,65,38,47,68,55,40,68,76,36,68,51,72,33,82,19,12,18,104,14,11,7,78,18,22,18,52,13,12,17,78,46,68,53,39,68,53,51,35,37,58,77,72,42,47,74,66,11,9,16,79,8,5,6,55,7,13,22,28,4,4,8,104,45,27,103,63,44,28,49,24,35,21,97,57,14,23,49,24,17,16,9,25,7,7,6,
1,26,8,7,28,21,7,17,26,26,14,37,22,7,22,61,45,21,45,26,9,31,66,54,8,12,12,6,5,12,21,22,8,69,21,16,38,80,36,35,32,57,43,94,47,29,31,87,51,70,60,86,39,70,75,76,27,63,23,27,15,41,30,48,26,67,30,15,25,86,46,22,19,44,59,83,51,36,50,74,34,69,41,72,56,46,39,68,57,80,19,21,24,67,15,14,25,66,43,28,43,57,51,18,15,31,49,48,21,28,81,42,38,36,28,88,27,78,22,31,78,33,18,74,18,34,15,17,16,
1,25,12,0,2,6,0,1,3,48,19,27,9,7,7,22,39,19,22,59,24,25,27,44,27,5,9,14,18,28,17,7,5,23,15,0,2,4,0,0,2,91,46,65,36,30,33,56,57,57,77,106,71,74,86,106,62,25,33,39,55,68,45,48,31,13,9,1,1,1,0,0,1,74,54,61,37,19,26,54,22,41,73,106,93,53,42,106,41,33,22,21,68,67,19,14,47,3,27,2,1,0,0,0,0,67,33,34,26,16,32,18,9,48,40,61,69,38,64,89,90,22,21,4,98,72,19,45,106,
1,16,6,7,16,16,13,10,21,23,13,34,30,5,9,63,80,11,44,30,13,30,78,63,15,4,7,3,6,23,25,5,2,66,21,13,24,19,12,16,34,73,37,86,72,36,30,88,81,67,79,76,48,87,84,73,34,46,33,16,24,77,57,39,46,69,54,15,19,18,14,12,19,74,58,81,93,51,35,65,59,48,66,73,60,55,48,60,28,30,34,48,57,54,14,9,12,36,14,8,22,32,29,27,29,74,40,35,37,47,56,29,56,28,31,32,31,42,48,50,92,8,3,4,17,29,54,57,14,
1,14,9,7,12,23,11,18,17,24,22,31,18,15,21,61,38,45,34,27,16,34,45,45,17,16,9,11,9,10,24,32,7,39,25,19,24,67,50,30,21,52,49,83,42,34,43,59,47,76,32,62,46,57,44,45,49,54,12,15,16,34,15,19,23,80,18,50,31,81,42,16,20,66,54,58,49,48,94,52,33,83,64,62,66,81,30,53,75,53,36,39,19,51,16,15,17,71,16,41,35,45,20,16,32,104,55,17,88,81,57,33,40,51,68,26,73,104,18,38,65,43,40,50,23,37,36,28,16,
1,5,1,1,0,0,0,0,3,53,19,33,11,5,16,54,58,8,14,39,22,44,67,66,20,1,1,2,2,9,7,1,1,15,7,2,1,2,2,5,5,110,81,110,60,46,52,110,100,58,69,110,94,110,102,110,76,4,4,6,14,31,10,10,5,5,4,0,0,0,0,0,1,70,110,110,54,29,50,110,50,31,58,110,110,72,45,110,69,1,1,1,9,11,1,1,1,0,0,0,0,0,0,0,0,4,19,20,6,1,5,11,3,1,7,22,19,4,3,11,4,0,0,0,0,0,0,0,0,
1,18,4,3,4,5,3,6,28,22,13,24,13,6,9,32,55,4,11,22,10,15,23,19,6,2,3,2,2,14,16,3,1,80,23,13,21,19,13,23,48,66,57,99,74,38,45,101,83,41,75,97,51,57,84,97,39,18,22,13,18,76,56,26,11,103,57,14,32,40,19,22,30,64,63,82,74,47,39,86,51,47,84,93,56,49,60,98,37,34,26,15,58,96,33,22,18,54,24,7,9,11,17,7,18,55,41,50,25,27,60,39,32,26,32,60,50,59,29,49,57,10,9,10,37,41,6,4,11,
1,17,3,1,2,6,7,6,11,11,8,15,20,6,8,51,49,5,13,13,6,11,46,48,9,1,1,1,1,10,10,2,1,88,18,10,26,37,17,21,31,74,50,90,103,55,39,89,97,46,96,90,31,61,103,95,37,12,12,5,8,41,45,30,5,103,26,11,21,59,30,14,14,69,62,91,79,75,42,86,71,54,93,89,46,47,49,92,59,30,17,8,15,43,33,35,17,71,28,14,24,33,23,16,13,39,49,33,32,44,71,38,36,39,38,37,24,18,23,34,67,5,2,1,1,12,6,3,6,
1,10,1,0,0,7,4,1,4,48,7,14,11,7,5,6,21,6,7,26,20,24,21,13,7,24,9,5,16,24,15,7,12,17,4,0,1,28,36,7,15,106,58,71,58,37,40,54,63,33,37,92,72,63,57,95,66,69,19,14,44,89,31,21,39,13,0,0,0,63,29,2,11,72,75,42,45,39,27,51,41,43,45,106,106,45,45,106,86,82,21,10,34,106,19,7,54,12,0,6,19,57,7,1,4,42,23,10,14,23,8,10,9,103,66,30,82,59,66,55,69,25,44,15,28,106,22,16,64,
1,18,10,4,6,8,7,6,7,14,17,16,8,5,6,12,12,9,13,11,9,32,19,16,13,8,6,1,2,8,6,5,4,59,35,24,29,35,40,26,35,46,54,106,59,29,44,97,61,62,102,106,46,106,75,91,68,23,23,17,23,49,27,26,23,66,60,14,24,36,60,24,34,68,83,73,40,58,106,67,63,73,65,77,86,106,51,57,101,29,25,17,20,29,18,26,26,25,50,10,15,14,30,10,10,34,75,18,24,30,91,45,21,25,27,21,37,49,32,46,39,12,18,20,20,15,12,13,13,
1,41,14,9,13,21,23,19,22,40,23,41,13,12,24,47,38,11,11,37,26,45,45,47,20,12,4,4,10,32,16,9,11,72,57,23,29,56,44,31,23,62,55,82,40,44,50,59,56,43,37,76,64,72,58,53,50,30,7,8,41,51,11,12,24,61,30,24,34,44,41,20,19,95,60,67,38,37,97,56,33,40,32,63,74,97,35,55,83,31,19,14,17,36,9,5,22,60,24,16,23,13,13,7,10,107,72,22,47,71,104,34,32,50,76,23,50,107,39,37,101,22,19,11,12,49,12,13,11,
1,43,20,5,9,22,9,7,18,46,23,28,20,34,15,40,53,12,26,35,17,27,42,58,16,27,28,6,8,19,20,8,5,67,38,19,26,40,33,29,49,78,51,64,43,55,44,62,60,34,48,76,41,55,58,68,37,54,18,14,44,51,21,18,37,79,52,46,56,61,56,55,60,64,60,82,58,56,52,64,53,32,48,85,54,36,39,61,47,57,16,7,32,74,12,7,30,51,39,38,53,48,33,27,40,103,33,41,62,73,63,30,65,18,21,23,76,41,22,46,102,21,29,8,41,51,9,4,22,
1,8,2,2,3,1,1,3,15,21,17,26,17,7,14,65,74,6,17,26,13,25,71,64,13,2,2,1,2,9,12,3,1,46,12,6,13,11,11,10,24,80,38,106,73,29,35,100,88,32,72,106,42,82,90,105,49,10,12,7,12,48,24,11,12,40,39,28,18,15,23,70,23,75,68,106,55,46,85,100,71,35,50,106,67,84,66,86,82,10,9,6,20,37,9,5,9,26,29,31,21,16,23,45,22,58,38,30,17,25,84,36,26,12,8,28,22,60,32,32,71,4,2,0,3,18,9,6,3,
1,6,4,1,5,12,2,2,4,56,23,23,20,21,7,23,52,22,28,54,40,23,30,62,37,23,27,34,33,40,43,23,15,19,21,14,15,24,33,19,22,103,39,52,37,53,39,42,58,37,50,98,46,49,60,70,52,29,25,35,60,63,34,38,41,60,88,41,29,51,103,29,38,97,77,55,54,82,67,52,40,36,47,89,71,35,41,68,59,27,10,23,62,57,32,13,49,22,26,13,10,20,26,8,8,63,38,23,39,60,38,20,46,40,37,34,97,27,35,57,82,19,7,20,77,17,26,19,59,
1,26,14,7,4,10,13,10,17,51,43,32,7,9,25,50,37,11,15,26,18,80,45,52,14,8,2,2,3,17,4,1,1,51,34,10,9,22,26,13,17,80,89,81,42,31,67,92,56,33,38,74,65,109,48,50,42,2,0,1,2,11,1,0,0,57,53,6,7,19,87,17,21,69,109,104,61,56,87,109,39,16,33,44,84,75,18,45,25,1,0,0,0,1,0,0,0,58,86,2,9,27,45,14,9,109,109,19,31,109,109,51,28,24,24,9,11,61,34,21,5,1,1,0,0,2,6,3,0,
1,35,28,22,25,39,21,30,34,47,19,21,17,20,13,35,34,13,26,23,13,27,30,45,11,9,16,29,8,14,13,13,9,60,38,22,28,60,47,33,58,108,61,59,28,69,47,58,48,44,39,79,51,73,56,60,47,25,10,31,27,44,20,20,24,63,55,13,24,55,53,5,22,108,60,65,39,83,97,56,44,38,39,82,89,88,37,71,73,15,28,50,28,21,21,37,12,19,16,17,22,10,10,2,4,108,68,16,41,66,54,13,28,64,67,20,42,108,43,27,69,11,14,18,11,23,13,23,7,
2,19,14,11,10,15,5,11,15,14,22,41,20,7,7,17,15,6,13,19,13,37,21,11,6,1,1,1,2,3,3,2,2,72,40,44,44,58,53,55,46,65,71,105,94,47,63,105,83,46,73,85,57,104,77,83,49,3,3,4,8,16,12,7,4,54,84,35,41,51,84,28,25,43,71,105,63,41,66,87,55,32,44,65,46,65,41,54,43,2,2,4,9,15,10,5,2,19,89,34,25,29,67,29,16,47,105,35,36,42,96,48,36,20,27,18,19,40,28,14,22,2,1,2,5,8,10,6,3,
2,66,53,18,21,48,60,26,20,33,31,51,82,26,28,65,75,36,41,45,47,60,53,45,54,47,26,20,33,50,36,30,35,28,27,9,9,31,38,17,12,37,30,40,45,31,31,39,35,33,36,88,97,50,50,89,65,64,31,25,47,64,21,21,36,21,29,40,21,14,22,2,2,64,46,65,49,27,69,20,18,16,21,82,80,22,30,86,40,30,13,23,80,54,11,21,56,4,18,38,24,3,2,1,1,106,36,33,45,26,73,13,9,26,35,83,67,27,64,82,62,4,14,11,31,44,11,74,78,
2,22,11,9,8,11,4,4,9,20,19,35,16,5,4,10,13,11,29,40,16,39,19,17,9,7,8,6,7,24,11,5,5,89,38,24,25,50,28,25,28,98,63,109,93,56,62,109,86,88,109,109,66,109,109,109,86,32,21,18,27,90,32,17,21,53,29,12,12,27,11,18,10,70,62,79,53,37,43,79,49,55,72,92,64,93,63,83,66,15,9,6,19,52,20,12,10,5,2,0,1,4,2,9,4,10,9,9,5,5,4,5,6,14,9,12,10,18,11,4,9,5,2,0,1,8,7,3,3,
2,24,22,15,8,16,5,6,18,44,29,31,31,13,8,36,91,6,18,30,17,30,62,62,19,28,32,17,16,39,51,27,26,41,27,16,10,24,12,15,26,104,79,57,62,52,37,39,71,30,75,93,31,49,68,88,42,39,49,50,25,81,78,69,46,21,36,16,7,16,14,5,3,86,98,52,37,41,29,36,47,35,80,104,45,27,43,71,55,94,24,35,46,104,28,15,27,4,8,4,6,8,5,5,8,53,42,19,22,12,18,19,24,38,37,59,43,19,24,41,56,75,31,13,65,94,11,11,39,
2,54,22,14,23,35,12,13,28,32,17,28,29,23,9,35,56,21,21,32,26,43,56,40,20,85,21,14,26,53,30,16,55,91,42,22,40,40,23,15,24,74,47,91,88,43,42,78,73,48,75,103,52,60,73,99,51,86,37,21,24,50,35,29,43,61,41,23,32,12,20,15,14,70,62,81,54,26,55,68,48,55,52,95,58,47,50,80,71,68,28,13,15,34,15,9,24,26,13,10,8,10,11,28,21,69,27,34,32,15,54,29,27,18,29,37,30,38,17,32,66,26,43,29,15,46,9,4,16,
2,49,17,12,45,87,8,4,29,30,30,53,30,5,10,34,40,70,54,51,28,71,68,25,13,49,20,3,3,19,10,1,4,43,25,9,9,92,65,15,10,64,53,68,54,35,44,65,48,92,55,63,45,63,54,58,55,52,14,4,6,17,11,4,12,17,11,7,14,38,35,6,4,55,47,43,41,57,62,45,25,63,50,55,57,53,28,52,68,42,47,21,15,23,7,2,16,41,12,36,66,35,14,5,6,103,59,68,92,59,73,44,35,37,67,41,78,97,20,48,99,21,51,35,28,39,6,4,14,
2,31,11,13,29,25,2,7,32,31,30,43,20,6,21,78,61,23,39,27,14,51,93,33,11,6,6,5,5,8,4,2,2,61,31,21,19,47,28,21,21,98,82,103,70,40,41,79,75,64,90,65,55,107,94,62,51,10,9,7,7,26,10,4,5,33,20,11,14,13,17,7,10,64,75,55,37,21,39,52,44,38,61,57,66,105,43,43,58,5,11,12,12,21,5,2,2,63,19,15,26,8,19,4,6,102,54,44,55,19,95,49,44,41,61,49,38,107,50,26,81,6,26,27,7,20,12,3,3,
2,78,22,5,36,51,9,13,36,25,23,22,13,8,17,37,30,81,51,22,15,86,75,19,12,16,6,0,1,8,5,1,2,67,52,20,17,48,80,44,21,58,58,68,50,27,39,57,53,51,47,44,33,50,45,47,38,11,5,1,3,10,6,2,4,53,31,34,51,41,37,9,7,53,67,58,34,30,51,56,34,30,61,64,65,107,20,43,89,9,61,76,13,37,4,1,5,80,32,28,44,24,25,7,5,107,82,70,89,50,58,74,47,42,56,50,64,107,9,35,78,5,13,24,14,32,4,3,5,
2,53,26,20,25,47,17,16,37,30,24,31,17,7,12,38,36,31,32,33,23,64,65,32,13,30,33,21,18,37,39,20,13,81,52,44,30,63,55,49,45,57,57,95,66,29,55,87,58,52,70,89,51,98,71,79,50,51,30,28,34,59,38,27,25,70,46,28,24,35,46,12,27,43,65,78,41,24,84,68,33,27,36,77,68,53,42,57,46,10,8,17,21,13,8,11,12,30,50,6,7,10,25,7,3,55,79,23,46,19,84,43,13,72,46,33,46,87,85,30,31,11,14,5,4,9,10,5,3,
2,21,4,2,5,2,2,4,19,37,17,14,10,6,24,78,50,4,6,10,6,53,68,32,8,0,0,0,0,1,0,0,0,53,25,11,9,9,23,29,46,77,70,83,48,29,54,81,62,27,36,53,52,110,56,41,22,0,0,0,1,3,1,0,0,24,27,52,42,36,37,55,110,58,76,109,72,62,91,84,56,27,44,50,59,102,55,52,35,6,7,2,1,4,16,10,2,27,27,31,66,30,16,6,8,110,91,18,45,110,56,34,26,74,49,10,15,110,69,21,22,17,23,7,6,20,33,10,4,
2,15,4,2,3,2,1,7,21,27,19,35,19,5,19,86,89,4,12,27,18,28,89,66,7,1,1,1,2,7,9,8,2,47,19,10,12,13,13,18,32,98,68,104,93,41,50,88,96,46,76,98,64,104,95,73,50,9,5,2,7,27,16,12,7,33,23,9,9,11,18,10,17,63,87,104,68,38,68,92,55,39,46,104,78,58,48,86,50,5,2,3,8,14,9,6,5,12,24,7,7,10,18,8,10,36,87,27,28,24,97,26,14,33,55,29,28,42,55,18,32,3,11,6,4,6,6,2,1,
2,21,3,2,17,33,2,8,23,46,10,31,45,35,10,52,69,29,37,38,17,52,60,49,8,36,19,3,3,20,24,4,2,34,11,4,7,48,26,19,14,86,50,70,70,73,53,68,67,66,50,81,70,98,64,66,52,66,12,3,9,33,20,9,20,5,5,22,6,10,16,17,8,31,46,91,53,57,74,64,29,55,41,80,101,49,34,77,69,45,36,15,18,15,12,18,24,9,8,80,42,9,5,7,15,71,34,81,96,47,46,30,98,12,33,21,103,46,23,48,70,9,58,39,25,11,5,12,13,
2,36,9,12,38,51,8,8,14,41,21,34,48,31,7,31,48,34,56,30,9,40,36,36,13,40,25,11,11,36,24,17,7,65,18,15,37,94,29,12,12,73,48,61,52,48,39,59,42,61,84,59,30,72,50,60,40,72,34,24,24,62,20,12,19,67,34,29,58,73,50,18,15,52,83,61,33,36,81,57,27,51,75,70,25,50,63,58,59,50,57,40,23,53,60,34,33,16,20,15,31,19,11,6,2,53,96,23,32,17,62,32,9,81,101,45,31,88,71,34,30,52,50,17,5,40,36,13,13,
2,48,19,34,30,31,23,55,58,54,19,32,41,30,24,58,65,7,12,27,48,55,55,37,9,3,3,3,5,14,9,2,2,105,56,55,38,40,44,36,31,105,73,105,105,86,90,105,90,41,52,76,89,105,62,73,56,8,6,6,13,26,9,6,9,56,38,13,9,12,10,6,10,101,84,77,81,63,83,58,48,30,30,46,78,75,44,43,34,7,4,4,8,15,7,10,5,20,10,2,6,8,6,8,17,56,38,15,12,30,56,9,7,8,3,7,14,19,10,6,8,4,2,2,1,6,2,3,3,
2,38,15,7,32,32,8,6,9,33,14,53,80,35,10,45,51,37,87,55,8,41,46,37,8,38,35,10,6,25,17,10,6,68,13,5,15,87,34,9,11,78,40,46,41,92,41,40,37,96,41,46,38,74,40,41,39,70,28,10,5,22,21,15,19,40,11,44,47,55,24,8,18,65,46,63,67,70,81,52,35,70,58,60,52,54,25,56,79,42,42,26,8,24,9,4,20,43,5,57,47,10,4,5,7,105,30,43,80,56,58,44,37,39,76,45,39,105,33,50,73,11,61,58,6,34,7,6,7,
2,22,11,9,8,11,4,4,9,20,19,35,16,5,4,10,13,11,29,40,16,39,19,17,9,7,8,6,7,24,11,5,5,89,38,24,25,50,28,25,28,98,63,109,93,56,62,109,86,88,109,109,66,109,109,109,86,32,21,18,27,90,32,17,21,53,29,12,12,27,11,18,10,70,62,79,53,37,43,79,49,55,72,92,64,93,63,83,66,15,9,6,19,52,20,12,10,5,2,0,1,4,2,9,4,10,9,9,5,5,4,5,6,14,9,12,10,18,11,4,9,5,2,0,1,8,7,3,3,
2,38,10,11,20,7,3,13,60,16,17,43,41,16,23,73,56,38,25,47,46,48,78,58,21,40,9,5,21,56,12,3,8,86,46,30,33,26,18,32,45,62,50,90,97,57,54,86,84,65,80,88,81,103,101,87,73,28,24,17,22,63,36,9,12,73,63,17,18,24,24,23,29,55,42,47,60,51,38,53,50,39,46,47,68,89,55,51,34,14,13,8,20,43,17,3,6,48,30,7,6,4,12,3,5,58,43,24,21,17,53,22,15,17,12,26,47,71,33,22,65,15,6,4,12,52,19,8,26,
2,5,1,1,5,7,13,24,6,37,17,15,12,8,10,59,64,7,13,12,7,17,83,72,13,2,1,1,3,15,30,9,1,22,6,8,16,26,13,17,27,76,75,104,60,44,61,97,91,56,104,92,57,90,88,78,39,34,8,6,22,48,44,33,14,30,14,13,20,37,25,25,16,49,104,97,38,43,83,92,41,50,92,89,54,59,70,97,67,16,6,5,7,25,26,11,10,39,31,34,37,15,31,20,8,42,62,47,50,20,72,59,29,27,33,27,29,25,21,36,54,1,4,13,4,8,16,10,1,
2,53,26,32,33,49,22,13,21,37,29,43,39,22,29,53,24,66,50,29,42,59,63,23,18,19,25,24,23,32,32,23,13,68,49,19,18,55,75,26,24,54,39,73,81,37,47,55,50,95,47,45,50,44,48,35,64,12,21,17,15,71,38,22,11,105,71,19,27,47,69,19,19,44,41,48,66,68,100,50,31,50,57,82,35,41,20,13,27,22,28,53,31,52,13,4,8,79,46,8,19,15,15,8,7,99,59,12,64,105,73,33,38,34,27,20,11,84,34,47,35,17,20,25,22,19,25,54,29,
2,33,54,52,26,11,12,12,14,44,60,87,29,16,29,60,46,33,37,67,62,56,29,65,99,14,18,67,103,80,25,31,53,45,38,17,14,22,25,28,31,81,75,39,20,15,19,29,49,46,57,68,67,65,44,30,34,13,19,36,43,76,75,54,21,62,48,26,17,21,27,25,36,56,55,34,21,30,37,49,53,38,41,55,71,65,42,40,47,27,38,103,68,24,34,79,67,39,40,25,13,10,13,13,18,46,62,43,22,18,17,20,27,19,31,53,50,52,39,34,33,7,17,47,37,25,32,39,35,
2,114,3,4,43,37,0,1,27,43,18,39,70,27,8,36,65,30,60,57,32,41,70,42,11,38,28,12,13,31,14,3,1,114,16,6,25,66,32,14,26,79,53,47,57,63,44,51,59,67,48,47,71,92,61,55,41,79,21,5,16,52,19,8,21,114,9,5,8,33,25,10,21,37,43,61,43,53,58,51,28,58,39,65,76,62,35,58,48,44,11,4,13,26,6,5,20,114,5,20,26,11,10,4,16,60,24,44,58,40,75,42,22,29,35,32,44,57,28,70,71,28,36,23,12,47,11,7,17,
2,38,15,7,32,32,8,6,9,33,14,53,80,35,10,45,51,37,87,55,8,41,46,37,8,38,35,10,6,25,17,10,6,68,13,5,15,87,34,9,11,78,40,46,41,92,41,40,37,96,41,46,38,74,40,41,39,70,28,10,5,22,21,15,19,40,11,44,47,55,24,8,18,65,46,63,67,70,81,52,35,70,58,60,52,54,25,56,79,42,42,26,8,24,9,4,20,43,5,57,47,10,4,5,7,105,30,43,80,56,58,44,37,39,76,45,39,105,33,50,73,11,61,58,6,34,7,6,7,
2,21,4,1,9,31,2,5,15,43,13,15,18,31,8,13,35,26,16,20,21,48,32,14,7,33,12,1,4,19,15,3,2,43,16,6,10,56,29,21,16,103,61,95,92,88,67,90,88,76,69,103,84,103,83,89,67,70,17,5,13,39,22,12,23,8,7,20,6,13,18,18,9,42,53,101,66,67,78,78,44,61,51,95,101,60,43,90,74,47,36,14,18,17,14,18,24,3,8,54,19,4,5,6,4,38,13,59,39,32,38,21,25,10,14,15,53,23,13,31,55,10,54,31,22,10,3,6,10,
2,28,12,5,13,25,5,7,17,25,16,21,13,9,6,10,13,38,23,18,9,39,19,9,9,22,8,12,9,15,4,1,3,78,37,29,36,75,48,41,42,85,60,96,78,48,51,92,70,103,95,92,44,103,74,79,61,44,17,56,28,48,21,21,15,56,27,21,31,58,46,24,15,60,51,68,51,43,44,66,50,46,64,82,57,78,50,59,46,11,15,63,29,20,5,7,43,62,15,28,42,35,23,5,7,60,33,30,28,20,70,32,30,29,35,31,30,103,34,20,73,13,25,39,22,22,13,9,31,
2,28,18,24,45,34,10,7,18,48,22,54,35,16,22,40,51,8,23,42,31,53,52,30,7,27,34,12,8,25,13,4,6,76,25,29,31,55,61,32,35,84,44,103,59,56,84,75,71,30,39,83,50,90,53,64,45,40,22,17,22,36,15,12,20,61,22,24,43,84,65,30,25,67,62,101,48,49,80,63,29,44,41,74,73,60,51,60,42,40,36,20,16,51,42,27,39,71,17,22,62,74,22,10,52,38,29,30,29,49,66,30,26,40,26,23,40,51,37,25,60,27,27,18,9,28,24,18,19,
2,38,6,8,45,82,5,3,21,39,12,38,41,31,18,39,40,71,71,25,15,64,50,22,5,48,20,0,1,10,3,0,1,47,14,7,14,97,45,13,17,63,36,53,54,70,54,44,55,106,28,44,55,101,44,28,64,71,3,1,4,13,2,2,20,19,38,9,57,55,28,3,5,34,81,60,60,57,79,42,24,106,34,55,55,53,28,27,99,18,8,10,1,1,0,1,12,10,39,24,86,18,22,10,5,20,106,28,32,30,82,25,13,38,94,79,28,82,54,13,33,15,87,77,0,3,5,2,2,
2,49,21,30,23,100,30,25,25,33,21,27,27,32,13,41,49,14,30,38,13,41,32,38,33,23,25,28,16,29,24,31,21,65,34,52,18,106,59,29,27,78,53,71,32,66,66,44,43,53,52,63,27,48,50,52,50,45,38,43,26,83,42,37,42,52,27,31,22,106,51,34,29,88,49,55,36,86,90,49,57,40,39,62,35,33,30,37,64,60,41,31,49,96,38,29,59,25,16,69,25,55,24,54,28,39,28,51,43,46,38,54,27,26,15,22,32,28,19,14,63,14,15,13,39,34,4,6,18,
2,41,10,21,51,52,18,14,28,54,25,43,12,6,10,27,39,10,25,51,14,40,52,37,12,26,31,23,11,41,34,15,16,57,17,19,37,69,58,28,18,93,51,91,37,40,58,83,53,54,64,102,43,84,69,93,66,46,29,29,36,77,29,36,56,40,26,22,41,73,45,17,23,61,72,72,44,23,35,68,33,30,62,81,70,51,34,77,46,45,38,29,43,55,20,40,73,34,13,15,31,55,20,6,13,48,42,29,10,18,49,51,18,24,16,35,41,36,13,53,78,33,37,18,16,55,17,14,43,
2,23,5,3,7,3,2,10,25,37,18,42,49,12,12,51,63,11,59,84,22,24,92,56,21,5,39,27,5,12,77,19,4,77,13,8,60,27,4,8,71,105,53,80,105,63,35,71,105,41,102,105,52,78,105,84,40,8,53,34,19,41,65,14,7,44,21,23,71,62,18,71,104,69,64,65,55,63,42,62,53,30,43,71,78,61,34,57,34,15,8,4,20,24,21,11,20,7,10,13,6,23,12,10,10,14,17,12,6,19,12,4,3,6,5,11,23,8,3,4,7,12,2,0,6,7,15,6,20,
2,53,20,9,20,24,3,11,33,25,23,40,27,13,24,53,41,32,23,23,27,58,54,21,12,4,2,1,1,2,2,2,2,56,53,28,12,41,81,70,22,58,68,77,53,46,46,68,60,48,30,38,59,79,48,40,37,5,3,2,3,4,4,3,3,59,46,38,104,56,81,34,11,43,77,75,42,34,60,65,34,34,38,65,62,73,28,47,42,5,17,19,3,2,3,4,3,90,61,21,45,41,54,19,25,68,89,87,68,65,99,91,62,27,44,37,34,104,26,32,57,5,19,24,6,5,3,4,4,
2,20,3,2,6,8,5,3,11,61,21,28,26,14,10,54,62,14,16,29,23,58,54,54,14,15,6,2,7,32,15,4,3,39,10,2,3,11,13,7,8,103,61,64,47,40,51,64,51,37,54,73,66,94,57,75,50,15,3,4,21,55,11,10,18,24,20,13,17,11,9,7,12,93,108,74,42,50,106,61,31,31,63,83,60,94,48,61,57,3,8,8,14,29,8,3,3,7,13,12,12,6,11,8,5,91,108,16,29,55,75,31,10,108,108,23,27,108,75,37,62,7,13,9,2,51,22,5,5,
2,25,8,6,34,26,2,4,15,13,19,28,14,5,7,18,17,19,24,17,16,28,17,14,6,9,8,3,3,6,3,4,3,62,29,32,40,73,42,34,36,56,59,103,69,37,49,86,75,85,89,83,56,97,74,82,69,39,29,15,16,29,20,36,29,65,31,28,56,76,66,34,20,41,58,103,47,23,56,83,53,82,53,90,57,74,53,69,103,45,33,35,32,51,12,16,27,57,14,23,52,30,42,11,6,17,21,27,11,15,19,9,12,47,72,47,24,80,10,7,53,13,27,34,15,34,5,7,16,
2,11,3,9,21,10,3,7,15,23,18,39,34,7,11,63,64,16,24,29,13,27,52,41,7,7,5,1,1,5,4,5,2,59,23,30,25,67,19,37,31,81,60,90,87,40,34,63,76,97,98,90,62,103,88,71,42,44,22,3,5,35,18,12,11,36,7,4,8,31,28,13,12,42,47,65,56,39,54,64,46,75,59,68,67,54,45,64,55,38,16,11,18,25,13,11,16,32,5,28,47,16,10,6,9,81,34,53,68,32,66,59,33,37,40,49,65,75,21,69,92,48,22,41,49,48,14,16,54,
2,32,9,3,5,4,2,4,22,39,19,21,18,9,10,32,46,14,22,33,31,46,48,37,16,11,11,9,10,29,20,11,15,45,27,9,6,7,11,10,11,79,61,91,97,35,40,81,79,41,70,103,75,64,75,99,68,62,34,30,23,62,35,22,65,25,14,4,4,4,5,3,6,76,70,69,61,30,63,60,49,57,45,96,103,60,55,76,101,77,40,31,43,50,22,14,57,9,3,4,4,3,2,8,14,81,30,32,65,33,47,32,64,20,31,36,74,31,32,52,40,22,21,9,27,14,6,8,21,
2,7,1,0,1,1,0,1,13,15,5,6,4,2,8,60,85,4,8,9,5,21,80,69,10,1,2,1,2,10,14,3,1,49,13,4,4,3,4,4,22,97,52,64,72,25,29,62,98,27,81,78,44,89,103,80,37,5,9,8,12,59,42,12,7,50,23,6,4,4,6,5,17,90,62,75,53,27,37,90,78,26,45,103,68,73,66,88,50,6,8,17,29,73,18,7,10,26,16,6,10,5,4,15,24,80,78,68,75,22,30,62,90,11,12,84,85,54,60,53,54,3,2,9,23,30,11,14,14,
2,21,4,6,58,79,6,18,24,35,10,12,38,40,7,32,52,28,32,21,13,42,62,40,12,27,20,23,28,18,14,26,21,36,15,15,46,108,54,26,17,65,41,68,50,65,45,65,44,55,49,73,47,88,45,64,39,40,29,40,33,43,28,33,21,34,23,36,68,76,41,11,14,34,35,58,42,58,57,54,22,17,26,57,54,49,22,49,41,10,28,23,11,18,14,20,8,108,22,58,77,14,21,5,17,102,43,44,85,42,108,56,68,12,44,30,42,108,23,47,96,7,41,40,5,17,8,11,8,
2,35,12,5,2,1,1,11,32,35,36,22,7,10,50,75,33,6,14,9,4,61,93,20,2,0,0,0,0,0,0,0,0,73,38,31,17,17,34,47,37,74,77,94,61,37,53,78,61,65,85,52,49,111,93,45,53,18,12,17,10,13,20,65,66,55,66,23,16,17,39,18,20,57,74,90,42,35,53,76,55,65,63,64,45,111,62,86,110,31,37,60,50,23,30,34,70,13,34,17,11,5,29,6,3,70,22,32,18,4,10,8,21,31,11,37,55,43,27,16,21,18,14,32,43,22,14,7,6,
2,19,11,47,85,22,7,19,41,16,17,76,37,12,14,101,48,29,76,58,15,30,44,55,10,53,56,13,6,17,8,3,7,60,35,21,35,31,29,24,58,49,50,57,42,29,30,79,68,69,47,39,38,104,81,58,33,97,24,8,28,35,13,7,18,61,56,14,16,45,57,21,14,61,66,73,42,25,34,69,34,42,46,72,62,104,42,62,60,44,21,12,20,42,14,13,35,47,24,46,27,60,44,34,26,39,48,37,13,29,22,23,19,68,44,47,49,83,55,37,48,34,38,15,15,37,30,23,29,
2,15,10,4,3,4,3,7,19,36,57,43,10,5,34,80,73,8,25,25,14,61,109,49,8,1,1,0,1,6,7,3,1,22,19,6,6,16,16,11,11,109,109,109,56,47,74,92,79,70,109,88,58,109,99,76,46,1,1,1,3,15,11,4,1,12,20,7,16,18,20,8,8,67,106,83,43,41,45,79,53,37,63,75,65,95,38,59,39,0,0,1,4,10,6,2,0,6,13,7,7,8,15,8,5,57,84,17,35,53,57,34,31,42,54,13,19,54,50,10,13,0,1,2,5,6,3,1,0,
2,19,5,8,15,41,18,8,7,55,37,38,36,51,24,32,39,22,38,52,25,64,42,45,27,44,29,11,10,40,22,17,23,37,41,44,18,72,42,38,27,68,70,81,32,85,69,65,51,33,54,62,29,46,50,60,44,26,16,28,25,53,24,20,30,10,9,22,35,30,18,22,11,43,91,69,59,72,67,65,22,32,67,75,30,32,42,76,42,18,16,18,16,58,42,14,19,2,3,47,65,4,4,2,1,42,96,21,40,11,32,37,8,77,104,51,70,74,86,86,51,29,56,18,6,70,75,11,24,
2,5,1,1,0,0,0,2,3,35,10,16,12,6,11,49,66,13,28,25,10,38,75,70,16,5,6,2,2,14,13,3,1,24,16,24,20,32,30,49,16,105,58,54,61,39,37,53,73,55,75,83,59,105,78,68,46,46,37,34,22,65,40,76,43,21,17,26,50,36,17,32,27,105,73,52,55,36,60,50,46,46,53,56,63,103,56,58,78,55,73,50,33,57,40,40,37,15,6,9,29,16,4,15,29,91,42,16,51,42,41,34,37,41,71,18,53,82,38,43,51,16,21,14,14,23,15,11,12,
2,37,8,2,36,95,18,2,11,63,29,27,27,38,15,25,34,22,22,30,27,56,31,29,13,80,22,11,8,47,15,10,14,23,14,4,12,86,46,8,6,61,57,57,47,65,55,64,45,51,47,62,57,65,45,64,51,62,10,14,13,30,10,18,36,48,10,59,90,46,23,2,13,75,56,64,61,55,76,58,29,44,49,70,63,63,28,65,67,32,57,34,12,31,6,6,18,91,7,32,29,8,13,3,11,85,45,46,63,47,93,47,47,18,54,33,34,103,23,52,89,7,37,31,10,61,6,5,9,
2,77,35,42,40,65,17,13,22,44,33,35,74,24,11,25,53,8,24,43,23,14,25,41,19,19,62,33,18,41,34,12,5,82,48,44,42,84,41,50,56,85,56,53,50,47,36,55,56,26,45,62,36,35,42,61,36,35,24,33,22,55,44,45,30,28,24,63,49,47,31,97,62,63,40,62,73,40,39,74,85,23,38,81,41,26,30,70,44,48,29,24,37,47,20,15,33,8,8,31,27,19,15,48,27,29,30,83,75,50,46,69,60,16,20,54,59,13,14,44,47,27,16,14,87,29,8,11,52,
3,23,7,11,8,6,7,10,18,78,30,29,38,39,44,47,67,40,45,48,40,62,70,55,41,14,18,11,11,38,28,11,9,40,22,9,8,7,17,25,33,99,80,60,35,54,75,69,50,44,47,77,82,88,74,82,76,19,22,52,41,49,35,54,31,21,11,21,44,11,7,20,43,104,77,53,59,45,41,47,47,39,30,52,104,88,37,60,89,33,19,20,36,38,37,33,33,12,9,8,13,11,7,8,12,104,25,16,46,67,27,19,62,35,21,11,72,74,11,18,37,20,10,14,19,8,5,7,16,
3,50,23,15,30,35,22,19,38,48,45,29,15,22,77,58,50,65,30,18,13,21,25,40,45,30,2,1,2,16,7,2,13,72,30,19,16,21,47,42,44,54,29,69,46,23,47,61,72,71,25,56,34,41,29,33,48,43,11,12,9,32,9,3,3,94,52,24,20,27,55,13,15,28,42,76,54,45,32,46,38,83,63,105,46,78,25,55,55,63,72,56,31,70,42,48,24,105,54,12,9,12,63,17,11,17,17,30,41,105,42,38,67,91,57,26,23,64,19,18,25,63,52,29,23,87,36,24,16,
3,20,9,29,58,33,7,11,21,41,49,54,56,39,55,77,47,43,75,47,27,43,73,59,22,22,18,19,13,12,10,21,15,52,19,29,34,59,37,27,34,72,52,104,59,47,67,88,67,74,53,104,56,92,69,92,77,57,11,47,39,41,17,29,69,20,19,46,30,26,21,15,11,41,62,104,51,39,44,66,45,47,52,99,94,56,43,69,68,54,32,67,59,27,16,16,74,2,3,5,5,3,2,2,1,5,11,12,5,4,4,8,5,6,5,9,18,6,3,7,8,4,10,12,6,1,1,0,1,
3,12,2,4,18,33,4,5,8,34,9,17,32,40,25,43,47,8,18,22,9,20,50,68,14,58,42,6,4,24,24,11,8,35,7,9,13,65,25,10,9,96,39,79,54,99,74,65,56,41,61,98,37,72,65,91,62,103,32,15,17,75,33,30,58,6,4,5,4,21,23,12,3,30,41,65,43,67,73,65,36,51,63,82,50,40,48,80,57,60,21,16,19,36,20,19,52,13,7,40,28,8,3,2,4,94,19,31,59,54,89,25,23,30,37,32,28,35,41,46,102,40,57,17,12,85,29,6,36,
3,25,6,29,83,55,8,39,31,20,21,35,19,9,27,66,32,89,75,25,9,38,38,57,23,36,8,2,1,58,6,8,10,63,24,19,49,62,33,26,39,42,39,68,31,28,42,64,48,106,34,54,24,63,38,52,71,53,4,5,1,73,3,6,14,82,46,25,32,55,51,18,21,33,48,67,26,29,50,62,27,106,45,63,20,42,20,48,59,35,6,9,1,68,1,6,6,46,68,9,22,16,31,12,16,42,87,27,29,31,80,68,32,84,99,81,31,93,80,30,36,18,46,39,2,33,5,2,2,
3,19,16,19,22,27,26,20,15,47,21,38,58,51,36,36,50,27,45,52,26,24,53,58,33,56,69,25,19,45,64,23,12,20,21,79,34,39,29,93,32,65,29,103,60,64,65,101,61,33,50,97,22,36,52,77,48,60,52,35,29,65,63,51,36,34,33,70,40,42,28,35,35,44,46,103,63,61,55,80,53,27,40,100,55,25,27,72,49,46,44,55,66,42,26,24,39,13,19,16,13,24,33,18,10,20,23,51,39,23,23,27,27,10,11,45,43,10,6,12,21,12,10,16,21,4,3,6,18,
3,27,4,4,18,21,4,4,24,47,17,38,36,21,43,53,78,18,58,45,13,26,104,53,9,51,81,10,5,78,18,7,3,85,25,10,19,35,30,15,47,80,36,86,59,60,64,63,76,30,52,69,35,91,58,65,41,102,27,7,17,104,18,15,25,71,31,16,20,17,15,6,19,50,45,83,42,39,51,53,41,26,36,50,47,47,36,41,25,65,14,8,35,91,9,8,13,75,49,15,30,16,20,3,9,52,59,39,26,15,90,30,11,25,52,40,33,104,31,17,33,37,30,15,8,52,6,1,1,
3,30,19,17,22,19,10,13,27,29,15,21,12,18,30,56,40,50,18,13,21,98,37,26,26,8,3,1,14,20,4,2,3,73,42,34,32,36,34,58,57,51,39,111,61,37,61,79,86,65,42,63,55,111,65,34,64,11,5,8,32,27,8,12,7,90,61,38,22,44,56,23,30,31,43,85,50,33,36,63,59,41,44,59,69,111,41,59,53,21,9,15,30,21,11,32,33,102,14,10,19,38,63,15,32,23,21,42,19,27,61,47,62,31,24,25,21,90,73,41,63,23,19,21,12,15,53,53,26,
3,33,5,6,39,44,5,10,19,37,18,44,49,28,47,70,39,32,51,45,22,32,63,58,15,73,57,7,6,21,17,6,6,76,20,14,26,84,39,17,19,69,33,85,73,61,63,68,65,44,51,84,49,74,57,76,55,104,26,15,19,54,22,14,37,28,24,14,16,34,29,14,12,25,37,76,80,52,39,66,50,45,44,77,59,37,36,63,40,91,17,12,21,31,13,11,44,52,21,21,30,15,21,7,14,43,20,44,52,29,97,49,24,32,30,35,36,46,28,49,99,45,56,14,19,51,16,3,25,
3,24,11,2,2,6,7,4,8,55,36,26,10,12,24,36,38,20,22,42,27,23,25,31,25,15,6,8,12,42,17,12,24,39,29,4,3,11,10,6,7,108,88,53,43,45,52,57,50,71,73,85,58,66,75,76,58,82,41,26,67,108,56,29,57,15,11,2,1,3,2,1,13,86,92,34,24,60,41,32,56,47,55,69,98,51,33,63,108,56,39,19,108,108,27,15,108,3,1,1,0,1,2,1,9,23,19,10,6,30,19,11,32,10,15,22,93,19,3,31,81,4,6,11,70,16,6,13,22,
3,17,7,8,9,58,22,4,5,41,33,28,11,24,19,16,20,16,19,35,22,24,18,19,17,22,6,9,13,37,14,9,24,37,19,29,24,84,54,9,8,104,93,70,51,91,92,67,60,75,66,85,64,71,71,77,66,43,15,31,60,82,25,24,48,23,51,62,50,26,17,14,14,104,102,67,56,72,87,61,37,69,56,74,58,85,49,62,75,36,13,32,27,96,23,10,25,8,7,7,10,6,6,9,9,40,37,11,5,9,38,39,9,18,16,15,15,31,23,28,45,10,3,3,5,51,11,4,15,
3,34,7,7,16,24,17,13,31,54,16,26,19,22,32,66,83,12,15,19,23,48,93,67,10,42,40,57,12,25,21,39,7,92,33,15,18,41,35,19,41,87,42,69,51,73,59,57,66,75,29,79,106,106,61,61,48,42,9,32,28,36,18,23,25,70,50,43,49,26,20,9,32,71,88,89,61,47,78,47,24,63,36,56,106,99,44,38,42,20,18,39,22,19,10,22,25,34,24,4,10,19,11,4,12,30,90,54,53,36,61,23,10,11,14,23,46,32,18,12,16,7,14,14,2,3,2,4,10,
3,47,50,35,41,56,25,40,50,58,35,48,68,68,34,47,104,23,25,54,38,32,44,66,47,17,27,28,20,32,70,36,13,51,57,41,46,47,48,53,37,97,79,71,82,81,57,42,69,45,53,75,60,57,51,70,62,10,26,31,36,52,33,35,20,43,22,50,61,50,32,23,22,104,45,52,54,42,37,45,41,26,51,65,48,22,33,69,30,14,10,18,54,41,13,16,16,43,34,31,26,43,32,27,26,62,50,47,31,32,33,41,36,12,15,47,40,14,20,28,9,16,10,15,21,19,8,11,27,
3,26,8,5,11,37,5,4,12,44,38,24,22,26,38,36,39,81,60,50,30,54,56,55,54,72,62,75,8,21,14,26,20,30,16,7,12,34,12,7,9,78,64,53,30,30,48,49,51,77,60,104,80,94,85,86,104,35,37,104,41,65,32,41,37,15,12,7,16,17,7,3,2,68,62,43,26,19,32,25,29,69,60,96,104,84,41,55,102,32,13,23,54,50,21,17,42,9,6,7,4,12,14,5,1,76,25,16,39,32,27,14,18,30,21,21,72,24,11,22,43,7,7,25,25,7,7,28,16,
3,29,6,9,39,65,12,8,22,46,31,32,18,9,31,58,48,36,42,30,15,35,73,80,22,59,32,3,4,26,20,16,13,56,26,19,20,79,60,23,24,83,66,58,38,40,56,72,51,71,52,65,40,80,54,69,67,60,7,7,12,46,10,15,40,61,44,25,34,69,47,19,18,56,82,58,31,36,47,68,30,52,44,53,32,30,24,50,60,14,6,9,9,14,9,15,18,95,44,16,42,20,40,21,16,41,58,33,27,14,90,72,38,44,77,77,24,103,49,26,68,7,54,81,7,12,8,8,4,
3,33,6,3,4,5,7,9,20,55,25,21,9,11,24,55,58,24,19,35,21,36,80,76,32,13,12,9,10,56,40,19,11,69,43,6,7,16,22,17,20,94,70,48,33,47,46,57,53,56,52,65,46,76,55,67,53,33,12,14,58,107,28,27,41,35,34,7,4,8,8,5,9,81,85,51,35,34,25,52,42,45,50,70,84,71,30,63,81,32,7,11,88,105,33,8,45,33,9,5,3,21,13,5,38,66,52,25,15,68,36,30,85,12,16,26,107,50,4,37,107,10,3,5,66,39,9,7,30,
3,49,15,12,22,20,12,15,39,68,34,38,28,45,49,56,67,44,47,34,34,76,72,53,39,20,20,8,15,38,16,5,8,78,67,27,21,33,56,49,27,70,64,89,40,46,67,82,52,53,41,75,68,103,51,68,66,12,10,13,17,50,8,8,12,60,43,27,34,39,33,23,26,52,82,88,42,41,46,66,35,42,40,74,91,78,38,67,39,9,10,11,14,21,25,29,4,59,22,14,21,38,28,9,13,57,62,44,38,48,68,31,27,53,21,27,76,58,17,21,68,10,8,6,9,10,11,10,7,
3,44,8,6,12,24,11,12,26,53,24,44,21,25,76,85,54,26,27,37,17,36,76,100,38,24,16,6,4,35,23,14,11,103,45,17,20,36,46,26,33,101,60,101,64,53,93,95,84,49,47,75,46,83,69,81,77,25,9,7,26,103,20,18,33,52,40,10,7,10,14,5,13,64,74,103,51,38,54,75,51,30,46,97,66,60,28,70,38,7,4,23,53,52,5,2,4,31,4,1,5,7,9,0,11,36,24,36,8,21,52,13,17,18,15,35,22,35,11,13,19,8,2,5,15,26,5,1,3,
3,22,5,5,59,105,18,7,17,46,20,23,22,24,43,54,61,76,63,27,10,36,51,77,32,64,26,3,2,15,9,4,8,38,12,10,23,96,78,20,19,57,37,69,35,28,48,71,57,97,52,65,25,75,44,58,71,64,10,5,3,29,7,3,23,21,20,8,37,50,48,8,4,34,61,54,34,46,68,59,25,80,37,53,24,23,21,42,57,21,5,4,2,3,1,1,11,28,47,35,99,25,16,5,2,54,105,16,17,21,73,52,9,105,54,41,33,105,51,30,41,16,72,74,5,38,12,1,4,
3,78,9,7,37,95,5,7,31,45,29,35,33,27,53,68,63,31,53,40,20,38,96,80,26,69,34,7,8,38,25,9,8,104,25,10,16,104,43,20,29,83,41,60,39,41,55,62,49,53,37,55,44,86,55,64,50,91,12,6,18,86,19,19,30,98,36,13,11,97,13,4,7,46,52,51,26,28,26,41,21,27,30,50,53,43,24,42,33,53,8,6,28,45,7,4,15,87,8,21,31,60,15,3,17,75,29,36,14,16,64,40,25,11,18,28,29,72,20,39,82,26,33,26,8,63,10,2,15,
3,53,13,17,8,88,12,20,25,50,15,37,27,55,37,53,31,10,17,43,24,22,37,60,10,92,27,12,7,12,8,11,15,86,18,11,9,103,13,18,24,78,27,61,36,69,63,49,34,23,29,74,35,48,45,81,40,77,22,17,13,27,16,18,45,87,19,22,33,103,10,12,17,95,48,49,100,46,36,38,20,36,37,55,53,42,47,54,41,54,86,41,11,61,50,6,35,18,9,17,38,81,12,15,22,102,32,9,38,32,19,13,15,61,46,28,51,36,64,42,33,69,42,8,4,73,64,6,24,
3,59,11,7,6,21,16,9,22,49,24,45,19,30,46,38,36,26,17,29,23,39,50,43,30,24,12,6,10,62,26,14,20,84,49,10,7,28,32,13,16,74,50,78,59,66,70,64,79,66,55,57,60,90,64,43,62,42,22,11,49,99,18,15,40,67,32,5,8,22,23,3,15,73,73,88,68,59,78,67,58,59,57,75,67,64,58,73,27,23,13,8,33,42,16,4,8,49,39,6,10,9,17,1,3,62,82,29,16,15,105,29,5,42,29,37,46,37,68,43,36,39,25,13,20,56,41,6,26,
3,19,6,6,23,45,7,15,13,41,16,41,86,79,27,43,61,18,33,49,22,24,55,60,26,53,65,20,7,18,21,17,7,25,11,50,13,64,14,17,7,90,28,87,72,103,66,62,68,38,55,88,33,57,69,71,53,99,22,12,14,53,28,21,41,4,12,61,3,11,18,64,6,28,25,93,46,52,72,74,50,32,49,95,41,38,49,67,63,58,42,19,27,42,17,16,65,2,2,6,11,3,5,9,4,27,17,46,41,42,53,28,19,17,30,50,46,40,24,46,103,16,42,11,54,49,4,5,35,
3,16,5,7,10,7,5,18,25,24,14,29,48,31,23,24,29,21,58,58,29,15,41,44,19,20,33,12,12,6,11,26,18,22,9,8,13,23,17,22,34,82,29,64,49,99,61,60,63,36,73,99,42,73,74,104,50,77,50,24,45,52,24,24,28,10,17,24,20,14,17,16,14,31,41,69,38,57,58,54,21,37,40,86,51,37,40,83,65,33,18,18,19,31,44,30,41,15,12,43,35,10,9,6,9,104,23,57,88,49,78,29,42,48,71,65,66,73,47,70,104,23,51,40,37,51,22,12,23,
3,30,8,9,22,30,10,11,24,45,24,38,26,26,40,65,76,27,32,33,18,49,78,63,36,19,14,7,6,22,15,7,8,70,42,20,19,38,44,27,31,75,68,89,40,44,71,90,65,52,48,81,58,105,63,86,70,23,7,6,22,61,11,15,25,44,52,37,24,23,23,11,16,53,105,102,36,31,56,66,31,50,76,105,75,50,47,105,75,13,17,28,31,26,86,55,24,10,23,4,4,8,20,5,4,14,65,35,9,8,43,15,5,42,30,37,42,23,10,15,40,16,25,23,18,12,37,6,10,
3,19,22,34,43,28,34,64,76,33,22,46,56,21,24,53,47,33,44,76,26,24,34,63,40,25,36,58,29,65,32,49,40,24,26,45,70,46,64,60,40,41,46,41,51,32,33,44,28,52,77,103,41,44,53,71,68,31,49,48,64,77,50,44,40,36,19,50,87,47,32,10,16,37,44,36,31,36,37,21,11,25,71,101,43,20,29,103,59,21,33,42,82,64,44,42,42,42,6,11,42,33,23,18,22,35,30,23,34,36,46,47,31,15,28,36,54,9,7,43,51,22,22,30,39,15,34,38,49,
3,16,4,9,19,15,19,10,42,29,11,30,85,106,29,24,43,19,35,67,34,21,59,75,30,50,99,32,11,26,30,19,9,4,2,1,6,15,4,4,7,51,34,41,57,106,57,47,43,37,54,93,35,41,74,95,54,80,22,14,22,69,33,40,58,3,2,2,1,11,4,7,4,20,34,59,36,106,66,47,33,25,48,88,49,26,28,57,45,72,34,31,27,28,19,22,76,11,18,10,12,15,23,30,6,30,40,45,73,105,93,56,44,23,29,37,20,22,49,50,40,59,49,31,28,26,36,30,69,
3,5,4,17,24,6,4,20,18,15,7,71,101,33,18,67,67,6,23,103,56,13,51,103,48,3,29,31,17,24,35,23,8,7,11,73,42,11,4,21,17,85,37,96,96,83,34,69,95,36,61,91,29,46,83,94,64,28,24,12,22,94,54,31,19,9,6,32,15,4,1,2,3,86,55,69,37,26,21,62,45,29,60,85,54,32,32,76,38,44,18,39,68,81,33,37,45,9,4,3,4,9,7,13,13,25,36,37,16,16,24,31,23,24,24,50,25,14,21,49,49,14,12,19,20,60,26,22,36,
3,22,4,10,54,51,7,19,19,32,30,52,57,29,44,78,41,60,88,42,18,34,62,51,21,32,23,2,2,9,9,10,4,58,8,11,35,92,49,16,29,56,27,82,63,46,58,69,58,103,60,81,26,99,59,70,71,65,8,2,5,33,8,3,20,43,25,13,70,57,32,9,8,35,40,69,50,40,43,59,35,66,47,55,23,34,29,50,66,13,3,5,7,5,2,1,8,27,44,20,83,34,13,10,5,56,103,25,21,19,61,37,17,54,100,39,20,103,48,18,44,7,54,52,8,5,17,11,3,
3,56,18,18,31,28,8,7,29,53,12,26,53,31,23,44,61,22,24,24,22,30,68,53,16,64,25,24,31,43,34,20,31,103,20,12,17,74,35,11,47,103,44,68,44,69,57,51,69,22,37,81,47,71,52,74,43,54,23,29,39,63,27,23,37,57,25,33,50,66,29,20,46,95,71,63,40,58,38,49,34,20,24,64,71,48,35,69,62,35,9,10,54,60,19,10,30,14,9,21,39,24,22,15,19,96,37,25,42,46,27,27,89,10,16,15,103,35,14,47,76,11,3,3,42,25,22,13,22,
3,35,32,22,60,47,8,7,31,31,14,20,26,19,37,81,67,26,39,16,8,29,73,71,14,80,32,3,2,17,13,2,3,79,31,15,25,85,64,37,53,73,46,94,38,28,54,81,53,44,46,71,36,102,54,70,50,99,26,4,11,62,13,6,19,45,64,36,39,49,32,13,17,41,76,76,27,24,58,70,28,19,35,60,52,57,25,55,34,43,29,10,23,44,4,2,9,40,54,18,34,8,20,5,5,60,104,27,17,7,90,56,13,23,57,37,24,104,52,28,43,14,29,24,10,32,7,1,6,
